smiles_protected;smiles_deprotected;block_type;reaction_set_used;numC;parent_targets;num_targets;problematic_groups;problematic_reactions
CC(C)(C)OC(=O)[1n]1ccc2c(Br)ncnc21;CC(C)(C)OC(=O)[1n]1ccc2c(Br)ncnc21;mono;ext.std;6;CCCS(=O)(=O)N[C@H]1C[C@@H](N(C)c2ncnc3c2cc[1n]3C(=O)OC(C)(C)C)C1.C=CC(=O)N1C[C@H](Nc2ncnc3c2cc[1n]3C(=O)OC(C)(C)C)CC[C@@H]1C.CC(C)(C)OC(=O)[1n]1ccc2c(-c3cnn([C@H](CC#N)C4CCCC4)c3)ncnc21.CCS(=O)(=O)N1CC(CC#N)(n2cc(-c3ncnc4c3cc[1n]4C(=O)OC(C)(C)C)cn2)C1.C[C@@H]1CCN(C(=O)CC#N)C[C@@H]1N(C)c1ncnc2c1cc[1n]2C(=O)OC(C)(C)C;5;_NO_PROBLEM_;
CCCS(=O)(=O)N[C@H]1C[C@@H](N(C)C(=O)OCc2ccc(B3OC(=O)C(C)(C)N(C)C(C)(C)C(=O)O3)cc2)C1;CCCS(=O)(=O)N[C@H]1C[C@@H](NC)C1;mono;ext.std;8;CCCS(=O)(=O)N[C@H]1C[C@@H](N(C)c2ncnc3c2cc[1n]3C(=O)OC(C)(C)C)C1;1;_NO_PROBLEM_;
CN1C(C)(C)C(=O)OB(c2ncnc3c2cc[1n]3C(=O)OC(C)(C)C)OC(=O)C1(C)C;CC(C)(C)OC(=O)[1n]1ccc2c(B(O)O)ncnc21;mono;ext.std;6;CCCS(=O)(=O)N[C@H]1C[C@@H](N(C)c2ncnc3c2cc[1n]3C(=O)OC(C)(C)C)C1.C=CC(=O)N1C[C@H](Nc2ncnc3c2cc[1n]3C(=O)OC(C)(C)C)CC[C@@H]1C.CC(C)(C)OC(=O)[1n]1ccc2c(-c3cnn([C@H](CC#N)C4CCCC4)c3)ncnc21.CCS(=O)(=O)N1CC(CC#N)(n2cc(-c3ncnc4c3cc[1n]4C(=O)OC(C)(C)C)cn2)C1.C[C@@H]1CCN(C(=O)CC#N)C[C@@H]1N(C)c1ncnc2c1cc[1n]2C(=O)OC(C)(C)C;5;_NO_PROBLEM_;
CN1C(C)(C)C(=O)OB(c2ccc(COC(=O)N3CCC(N4CCOCC4)CC3)cc2)OC(=O)C1(C)C;C1CC(N2CCOCC2)CCN1;mono;ext.std;9;CCc1cc2c(cc1N1CCC(N3CCOCC3)CC1)C(C)(C)c1c(c3ccc(C#N)cc3[1n]1C(=O)OC(C)(C)C)C2=O;1;_NO_PROBLEM_;
CN1C(C)(C)C(=O)OB(c2c(Br)[1n](C(=O)OC(C)(C)C)c3cc(C#N)ccc23)OC(=O)C1(C)C;CC(C)(C)OC(=O)[1n]1c(Br)c(B(O)O)c2ccc(C#N)cc21;di;extNF;9;CCc1cc2c(cc1N1CCC(N3CCOCC3)CC1)C(C)(C)c1c(c3ccc(C#N)cc3[1n]1C(=O)OC(C)(C)C)C2=O;1;_NO_PROBLEM_;
CN1C(C)(C)C(=O)OB(c2c(Br)c3ccc(C#N)cc3[1n]2C(=O)OC(C)(C)C)OC(=O)C1(C)C;CC(C)(C)OC(=O)[1n]1c(B(O)O)c(Br)c2ccc(C#N)cc21;di;extNF;9;CCc1cc2c(cc1N1CCC(N3CCOCC3)CC1)C(C)(C)c1c(c3ccc(C#N)cc3[1n]1C(=O)OC(C)(C)C)C2=O;1;_NO_PROBLEM_;
CN1C(C)(C)C(=O)OB(c2ccc(COC(=O)NCc3ccncc3)cc2)OC(=O)C1(C)C;NCc1ccncc1;mono;ext.std;6;Apatinib;1;_NO_PROBLEM_;
CN1C(C)(C)C(=O)OB(c2ccc(COC(=O)Nc3ccc(C4(C#N)CCCC4)cc3)cc2)OC(=O)C1(C)C;N#CC1(c2ccc(N)cc2)CCCC1;mono;std;12;Apatinib;1;_NO_PROBLEM_;
CN1C(C)(C)C(=O)OB(c2ccc(COC(=O)Nc3ccc(Br)cc3)cc2)OC(=O)C1(C)C;Nc1ccc(Br)cc1;di;extNF;6;Quizartinib.Momelotinib.Cabozantinib.Apatinib.Sorafenib.Fedratinib;6;_NO_PROBLEM_;
CC(C)(c1cc(Br)ccn1)C(F)(F)F;CC(C)(c1cc(Br)ccn1)C(F)(F)F;mono;std;9;Alpelisib;1;_NO_PROBLEM_;
CN1C(C)(C)C(=O)OB(c2ccc(COC(=O)N3CCC[C@H]3c3ncco3)cc2)OC(=O)C1(C)C;c1coc([C@@H]2CCCN2)n1;mono;ext.std;7;Alpelisib;1;_NO_PROBLEM_;
CN1C(C)(C)C(=O)OB(c2ccnc(C(C)(C)C(F)(F)F)c2)OC(=O)C1(C)C;CC(C)(c1cc(B(O)O)ccn1)C(F)(F)F;mono;std;9;Alpelisib;1;_NO_PROBLEM_;
CN1C(C)(C)C(=O)OB(c2cc(Br)ccn2)OC(=O)C1(C)C;OB(O)c1cc(Br)ccn1;di;extNF;5;Alpelisib;1;_NO_PROBLEM_;
CN1C(C)(C)C(=O)OB(c2ccnc(Br)c2)OC(=O)C1(C)C;OB(O)c1ccnc(Br)c1;di;extNF;5;Alpelisib;1;_NO_PROBLEM_;
CN(C)C/C=C/C(=O)O;CN(C)C/C=C/C(=O)O;mono;ext.std;6;Afatinib.Neratinib;2;_NO_PROBLEM_;
CN1C(C)(C)C(=O)OB(c2ccc(COC(=O)Nc3ccc(F)c([1CH3])c3)cc2)OC(=O)C1(C)C;[1CH3]c1cc(N)ccc1F;mono;ext.std;6;Dacomitinib.Afatinib.Gefitinib;3;_NO_PROBLEM_;
CN1C(C)(C)C(=O)OB(c2ccc(F)c([1CH3])c2)OC(=O)C1(C)C;[1CH3]c1cc(B(O)O)ccc1F;mono;ext.std;6;Dacomitinib.Afatinib.Gefitinib;3;_NO_PROBLEM_;
[1CH3]c1cc(Br)ccc1F;[1CH3]c1cc(Br)ccc1F;mono;ext.std;6;Dacomitinib.Afatinib.Gefitinib;3;_NO_PROBLEM_;
CN1C(C)(C)C(=O)OB(c2ccc(COC(=O)Nc3cc4c(Br)ncnc4cc3O[C@H]3CCOC3)cc2)OC(=O)C1(C)C;Nc1cc2c(Br)ncnc2cc1O[C@H]1CCOC1;di;std;12;Afatinib;1;_NO_PROBLEM_;
CCS(=O)(=O)N1CC(CC#N)(n2cc(B3OC(=O)C(C)(C)N(C)C(C)(C)C(=O)O3)cn2)C1;CCS(=O)(=O)N1CC(CC#N)(n2cc(B(O)O)cn2)C1;mono;ext.std;10;CCS(=O)(=O)N1CC(CC#N)(n2cc(-c3ncnc4c3cc[1n]4C(=O)OC(C)(C)C)cn2)C1;1;_NO_PROBLEM_;
CCS(=O)(=O)N1CC(CC#N)(n2cc(Br)cn2)C1;CCS(=O)(=O)N1CC(CC#N)(n2cc(Br)cn2)C1;mono;ext.std;10;CCS(=O)(=O)N1CC(CC#N)(n2cc(-c3ncnc4c3cc[1n]4C(=O)OC(C)(C)C)cn2)C1;1;_NO_PROBLEM_;
CCN1CCN(Cc2ccc(B3OC(=O)C(C)(C)N(C)C(C)(C)C(=O)O3)nc2)CC1;CCN1CCN(Cc2ccc(B(O)O)nc2)CC1;mono;ext.std;12;Abemaciclib;1;_NO_PROBLEM_;
CCN1CCN(Cc2ccc(Br)nc2)CC1;CCN1CCN(Cc2ccc(Br)nc2)CC1;mono;ext.std;12;Abemaciclib;1;_NO_PROBLEM_;
CCN1CCN(Cc2ccc(NC(=O)OCc3ccc(B4OC(=O)C(C)(C)N(C)C(C)(C)C(=O)O4)cc3)nc2)CC1;CCN1CCN(Cc2ccc(N)nc2)CC1;mono;ext.std;12;Abemaciclib;1;_NO_PROBLEM_;
Cc1nc2c(F)cc(B3OC(=O)C(C)(C)N(C)C(C)(C)C(=O)O3)cc2n1C(C)C;Cc1nc2c(F)cc(B(O)O)cc2n1C(C)C;mono;ext.std;11;Abemaciclib;1;_NO_PROBLEM_;
Cc1nc2c(F)cc(Br)cc2n1C(C)C;Cc1nc2c(F)cc(Br)cc2n1C(C)C;mono;ext.std;11;Abemaciclib;1;_NO_PROBLEM_;
CN1C(C)(C)C(=O)OB(c2ccc(COC(=O)Nc3ncc(F)c(Br)n3)cc2)OC(=O)C1(C)C;Nc1ncc(F)c(Br)n1;di;ext.std;4;Fostamatinib.Abemaciclib;2;_NO_PROBLEM_;
CN1C(C)(C)C(=O)OB(c2nc(Br)ncc2F)OC(=O)C1(C)C;OB(O)c1nc(Br)ncc1F;di;ext.std;4;Abemaciclib;1;_NO_PROBLEM_;
CC(C)(C)OC(=O)[1n]1nccc1Br;CC(C)(C)OC(=O)[1n]1nccc1Br;mono;ext.std;3;CC(C)(C)OC(=O)[1n]1nccc1-c1cc(C(=O)Nc2ccc(OC(F)(F)Cl)cc2)cnc1N1CC[C@@H](O)C1;1;_NO_PROBLEM_;
CN1C(C)(C)C(=O)OB(c2ccc(COC(=O)N3CC[C@@H](O)C3)cc2)OC(=O)C1(C)C;O[C@@H]1CCNC1;mono;ext.std;4;CC(C)(C)OC(=O)[1n]1nccc1-c1cc(C(=O)Nc2ccc(OC(F)(F)Cl)cc2)cnc1N1CC[C@@H](O)C1;1;_NO_PROBLEM_;
CN1C(C)(C)C(=O)OB(c2ccc(COC(=O)Nc3ccc(OC(F)(F)Cl)cc3)cc2)OC(=O)C1(C)C;Nc1ccc(OC(F)(F)Cl)cc1;mono;ext.std;7;CC(C)(C)OC(=O)[1n]1nccc1-c1cc(C(=O)Nc2ccc(OC(F)(F)Cl)cc2)cnc1N1CC[C@@H](O)C1;1;_NO_PROBLEM_;
CN1C(C)(C)C(=O)OB(c2ccn[1n]2C(=O)OC(C)(C)C)OC(=O)C1(C)C;CC(C)(C)OC(=O)[1n]1nccc1B(O)O;mono;ext.std;3;CC(C)(C)OC(=O)[1n]1nccc1-c1cc(C(=O)Nc2ccc(OC(F)(F)Cl)cc2)cnc1N1CC[C@@H](O)C1;1;_NO_PROBLEM_;
CN1C(C)(C)C(=O)OB(c2ccc(COC(=O)Nc3ccc([4CH3])cc3F)cc2)OC(=O)C1(C)C;[4CH3]c1ccc(N)c(F)c1;mono;ext.std;6;Binimetinib.Vandetanib;2;_NO_PROBLEM_;
CN1C(C)(C)C(=O)OB(c2ccc([4CH3])cc2F)OC(=O)C1(C)C;[4CH3]c1ccc(B(O)O)c(F)c1;mono;ext.std;6;Binimetinib.Vandetanib;2;_NO_PROBLEM_;
NOCCO;NOCCO;mono;ext.std;2;Binimetinib.Selumetinib;2;_NO_PROBLEM_;
[4CH3]c1ccc(Br)c(F)c1;[4CH3]c1ccc(Br)c(F)c1;mono;ext.std;6;Binimetinib.Vandetanib;2;_NO_PROBLEM_;
CN1C(C)(C)C(=O)OB(c2ccc(COC(=O)Nc3c(C(=O)O)cc4c(ncn4C)c3F)cc2)OC(=O)C1(C)C;Cn1cnc2c(F)c(N)c(C(=O)O)cc21;di;ext.std;9;Binimetinib.Selumetinib;2;_NO_PROBLEM_;
COc1cc(B2OC(=O)C(C)(C)N(C)C(C)(C)C(=O)O2)c([1CH3])cc1[1CH3];COc1cc(B(O)O)c([1CH3])cc1[1CH3];mono;ext.std;8;Bosutinib;1;_NO_PROBLEM_;
COc1cc(Br)c([1CH3])cc1[1CH3];COc1cc(Br)c([1CH3])cc1[1CH3];mono;ext.std;8;Bosutinib;1;_NO_PROBLEM_;
COc1cc(NC(=O)OCc2ccc(B3OC(=O)C(C)(C)N(C)C(C)(C)C(=O)O3)cc2)c([1CH3])cc1[1CH3];COc1cc(N)c([1CH3])cc1[1CH3];mono;ext.std;8;Bosutinib;1;_NO_PROBLEM_;
COc1cc2c(B3OC(=O)C(C)(C)N(C)C(C)(C)C(=O)O3)c(C#N)cnc2cc1OCCCN1CCN(C)CC1;COc1cc2c(B(O)O)c(C#N)cnc2cc1OCCCN1CCN(C)CC1;mono;std;19;Bosutinib;1;_NO_PROBLEM_;
COc1cc2c(Br)c(C#N)cnc2cc1OCCCN1CCN(C)CC1;COc1cc2c(Br)c(C#N)cnc2cc1OCCCN1CCN(C)CC1;mono;std;19;Bosutinib;1;_NO_PROBLEM_;
COc1cc2c(NC(=O)OCc3ccc(B4OC(=O)C(C)(C)N(C)C(C)(C)C(=O)O4)cc3)c(C#N)cnc2cc1OCCCN1CCN(C)CC1;COc1cc2c(N)c(C#N)cnc2cc1OCCCN1CCN(C)CC1;mono;std;19;Bosutinib;1;_NO_PROBLEM_;
COc1cc2c(NC(=O)OCc3ccc(B4OC(=O)C(C)(C)N(C)C(C)(C)C(=O)O4)cc3)c(C#N)cnc2cc1Br;COc1cc2c(N)c(C#N)cnc2cc1Br;di;extNF;11;Bosutinib;1;_NO_PROBLEM_;
CC#CC(=O)O;CC#CC(=O)O;mono;ext.std;4;CC#CC(=O)N1CCC[C@H]1c1nc(-c2ccc(C(=O)Nc3ccccn3)cc2)c2c([1NH]C(=O)OC(C)(C)C)nccn12;1;_NO_PROBLEM_;
CN1C(C)(C)C(=O)OB(c2ccc(COC(=O)Nc3ccccn3)cc2)OC(=O)C1(C)C;Nc1ccccn1;mono;ext.std;5;CC#CC(=O)N1CCC[C@H]1c1nc(-c2ccc(C(=O)Nc3ccccn3)cc2)c2c([1NH]C(=O)OC(C)(C)C)nccn12;1;_NO_PROBLEM_;
CN1C(C)(C)C(=O)OB(c2ccc(C(=O)O)cc2)OC(=O)C1(C)C;O=C(O)c1ccc(B(O)O)cc1;di;ext.std;7;CC#CC(=O)N1CCC[C@H]1c1nc(-c2ccc(C(=O)Nc3ccccn3)cc2)c2c([1NH]C(=O)OC(C)(C)C)nccn12.Momelotinib;2;_NO_PROBLEM_;
CN1C(C)(C)C(=O)OB(c2ccc(COC(=O)N3CCC[C@H]3c3nc(Br)c4c([1NH]C(=O)OC(C)(C)C)nccn34)cc2)OC(=O)C1(C)C;CC(C)(C)OC(=O)[1NH]c1nccn2c([C@@H]3CCCN3)nc(Br)c12;di;ext.std;10;CC#CC(=O)N1CCC[C@H]1c1nc(-c2ccc(C(=O)Nc3ccccn3)cc2)c2c([1NH]C(=O)OC(C)(C)C)nccn12;1;_NO_PROBLEM_;
Brc1ccc2ncccc2c1;Brc1ccc2ncccc2c1;mono;extNF;9;Capmatinib;1;_NO_PROBLEM_;
Brc1cnc2ncc(Cc3ccc4ncccc4c3)n2n1;Brc1cnc2ncc(Cc3ccc4ncccc4c3)n2n1;mono;std;15;Capmatinib;1;_NO_PROBLEM_;
CN1C(C)(C)C(=O)OB(c2ccc3ncccc3c2)OC(=O)C1(C)C;OB(O)c1ccc2ncccc2c1;mono;extNF;9;Capmatinib;1;_NO_PROBLEM_;
CN1C(C)(C)C(=O)OB(c2cnc3ncc(Cc4ccc5ncccc5c4)n3n2)OC(=O)C1(C)C;OB(O)c1cnc2ncc(Cc3ccc4ncccc4c3)n2n1;mono;std;15;Capmatinib;1;_NO_PROBLEM_;
CNC(=O)c1ccc(B2OC(=O)C(C)(C)N(C)C(C)(C)C(=O)O2)cc1F;CNC(=O)c1ccc(B(O)O)cc1F;mono;ext.std;8;Capmatinib;1;_NO_PROBLEM_;
CNC(=O)c1ccc(Br)cc1F;CNC(=O)c1ccc(Br)cc1F;mono;ext.std;8;Capmatinib;1;_NO_PROBLEM_;
CN1C(C)(C)C(=O)OB(c2ccc(C(=O)O)c(F)c2)OC(=O)C1(C)C;O=C(O)c1ccc(B(O)O)cc1F;di;ext.std;7;Capmatinib;1;_NO_PROBLEM_;
CN1C(C)(C)C(=O)OB(c2cnc3ncc(Br)n3n2)OC(=O)C1(C)C;OB(O)c1cnc2ncc(Br)n2n1;di;extNF;5;Capmatinib;1;_NO_PROBLEM_;
CN1C(C)(C)C(=O)OB(c2cnc3ncc(Br)nn23)OC(=O)C1(C)C;OB(O)c1cnc2ncc(Br)nn12;di;extNF;5;Capmatinib;1;_NO_PROBLEM_;
CC(C)(C)OC(=O)[1NH][C@@](C)(c1ccc(F)cc1)c1cnc(Br)nc1;CC(C)(C)OC(=O)[1NH][C@@](C)(c1ccc(F)cc1)c1cnc(Br)nc1;mono;std;12;Cn1cc(-c2cc3c(N4CCN(c5ncc([C@@](C)([1NH]C(=O)OC(C)(C)C)c6ccc(F)cc6)cn5)CC4)ncnn3c2)cn1;1;_NO_PROBLEM_;
CN1C(C)(C)C(=O)OB(c2ccc(F)cc2)OC(=O)C1(C)C;OB(O)c1ccc(F)cc1;mono;extNF;6;Cn1cc(-c2cc3c(N4CCN(c5ncc([C@@](C)([1NH]C(=O)OC(C)(C)C)c6ccc(F)cc6)cn5)CC4)ncnn3c2)cn1;1;_NO_PROBLEM_;
CN1C(C)(C)C(=O)OB(c2cnn(C)c2)OC(=O)C1(C)C;Cn1cc(B(O)O)cn1;mono;ext.std;4;Cn1cc(-c2cc3c(N4CCN(c5ncc([C@@](C)([1NH]C(=O)OC(C)(C)C)c6ccc(F)cc6)cn5)CC4)ncnn3c2)cn1.COc1cc(OC)cc(N(CC[1N](C(=O)OC(C)(C)C)C(C)C)c2ccc3ncc(-c4cnn(C)c4)nc3c2)c1;2;_NO_PROBLEM_;
Cn1cc(Br)cn1;Cn1cc(Br)cn1;mono;ext.std;4;Cn1cc(-c2cc3c(N4CCN(c5ncc([C@@](C)([1NH]C(=O)OC(C)(C)C)c6ccc(F)cc6)cn5)CC4)ncnn3c2)cn1.COc1cc(OC)cc(N(CC[1N](C(=O)OC(C)(C)C)C(C)C)c2ccc3ncc(-c4cnn(C)c4)nc3c2)c1;2;_NO_PROBLEM_;
Fc1ccc(Br)cc1;Fc1ccc(Br)cc1;mono;extNF;6;Cn1cc(-c2cc3c(N4CCN(c5ncc([C@@](C)([1NH]C(=O)OC(C)(C)C)c6ccc(F)cc6)cn5)CC4)ncnn3c2)cn1;1;_NO_PROBLEM_;
CN1C(C)(C)C(=O)OB(c2cc3c(Br)ncnn3c2)OC(=O)C1(C)C;OB(O)c1cc2c(Br)ncnn2c1;di;ext.std;6;Cn1cc(-c2cc3c(N4CCN(c5ncc([C@@](C)([1NH]C(=O)OC(C)(C)C)c6ccc(F)cc6)cn5)CC4)ncnn3c2)cn1;1;_NO_PROBLEM_;
CN1C(C)(C)C(=O)OB(c2cnc(Br)nc2)OC(=O)C1(C)C;OB(O)c1cnc(Br)nc1;di;extNF;4;Cn1cc(-c2cc3c(N4CCN(c5ncc([C@@](C)([1NH]C(=O)OC(C)(C)C)c6ccc(F)cc6)cn5)CC4)ncnn3c2)cn1;1;_NO_PROBLEM_;
CN1C(C)(C)C(=O)OB(c2ncnn3cc(Br)cc23)OC(=O)C1(C)C;OB(O)c1ncnn2cc(Br)cc12;di;ext.std;6;Cn1cc(-c2cc3c(N4CCN(c5ncc([C@@](C)([1NH]C(=O)OC(C)(C)C)c6ccc(F)cc6)cn5)CC4)ncnn3c2)cn1;1;_NO_PROBLEM_;
CC(C)(C)OC(=O)[1NH]c1ncc(C(=O)O)cn1;CC(C)(C)OC(=O)[1NH]c1ncc(C(=O)O)cn1;mono;ext.std;5;COc1c(OCCCN2CCOCC2)ccc2c1N=C(NC(=O)c1cnc([1NH]C(=O)OC(C)(C)C)nc1)N1CCN=C21;1;_NO_PROBLEM_;
COc1c(OCCCN2CCOCC2)ccc2c1N=C(NC(=O)OCc1ccc(B3OC(=O)C(C)(C)N(C)C(C)(C)C(=O)O3)cc1)N1CCN=C21;COc1c(OCCCN2CCOCC2)ccc2c1N=C(N)N1CCN=C21;mono;std;18;COc1c(OCCCN2CCOCC2)ccc2c1N=C(NC(=O)c1cnc([1NH]C(=O)OC(C)(C)C)nc1)N1CCN=C21;1;_NO_PROBLEM_;
COc1c(Br)ccc2c1N=C(NC(=O)OCc1ccc(B3OC(=O)C(C)(C)N(C)C(C)(C)C(=O)O3)cc1)N1CCN=C21;COc1c(Br)ccc2c1N=C(N)N1CCN=C21;di;extNF;11;COc1c(OCCCN2CCOCC2)ccc2c1N=C(NC(=O)c1cnc([1NH]C(=O)OC(C)(C)C)nc1)N1CCN=C21;1;_NO_PROBLEM_;
CN1C(C)(C)C(=O)OB(c2ccc(COC(=O)Nc3ccc(F)cc3)cc2)OC(=O)C1(C)C;Nc1ccc(F)cc1;mono;ext.std;6;Cabozantinib;1;_NO_PROBLEM_;
COc1cc2nccc(B3OC(=O)C(C)(C)N(C)C(C)(C)C(=O)O3)c2cc1OC;COc1cc2nccc(B(O)O)c2cc1OC;mono;ext.std;11;Tivozanib.Cabozantinib;2;_NO_PROBLEM_;
COc1cc2nccc(Br)c2cc1OC;COc1cc2nccc(Br)c2cc1OC;mono;ext.std;11;Tivozanib.Cabozantinib;2;_NO_PROBLEM_;
CN1C(C)(C)C(=O)OB(c2ccc(COC(=O)Nc3ccc([1CH3])cc3F)cc2)OC(=O)C1(C)C;[1CH3]c1ccc(N)c(F)c1;mono;ext.std;6;O=C(c1ccc(F)c(F)c1Nc1ccc(I)cc1F)N1CC(O)([C@@H]2CCCC[1NH]2)C1.Trametinib;2;_NO_PROBLEM_;
CN1C(C)(C)C(=O)OB(c2ccc([1CH3])cc2F)OC(=O)C1(C)C;[1CH3]c1ccc(B(O)O)c(F)c1;mono;ext.std;6;O=C(c1ccc(F)c(F)c1Nc1ccc(I)cc1F)N1CC(O)([C@@H]2CCCC[1NH]2)C1.Trametinib;2;_NO_PROBLEM_;
[1CH3]c1ccc(Br)c(F)c1;[1CH3]c1ccc(Br)c(F)c1;mono;ext.std;6;O=C(c1ccc(F)c(F)c1Nc1ccc(I)cc1F)N1CC(O)([C@@H]2CCCC[1NH]2)C1.Trametinib;2;_NO_PROBLEM_;
CN1C(C)(C)C(=O)OB(c2ccc(COC(=O)Nc3c(C(=O)O)ccc(F)c3F)cc2)OC(=O)C1(C)C;Nc1c(C(=O)O)ccc(F)c1F;di;ext.std;7;O=C(c1ccc(F)c(F)c1Nc1ccc(I)cc1F)N1CC(O)([C@@H]2CCCC[1NH]2)C1;1;_NO_PROBLEM_;
CN1C(C)(C)C(=O)OB(/C=C/c2ccccn2)OC(=O)C1(C)C;OB(O)/C=C/c1ccccn1;mono;ext.std;7;CNC(=O)c1ccccc1Sc1ccc2c(/C=C/c3ccccn3)n[1n](C(=O)OC(C)(C)C)c2c1;1;[CX3]=[CX3];N-Cbz-BTIDA_deprotection__OR__MIDDLE
CN1C(C)(C)C(=O)OB(c2ccc3c(/C=C/c4ccccn4)n[1n](C(=O)OC(C)(C)C)c3c2)OC(=O)C1(C)C;CC(C)(C)OC(=O)[1n]1nc(/C=C/c2ccccn2)c2ccc(B(O)O)cc21;mono;extNF;14;CNC(=O)c1ccccc1Sc1ccc2c(/C=C/c3ccccn3)n[1n](C(=O)OC(C)(C)C)c2c1;1;[CX3]=[CX3];N-Cbz-BTIDA_deprotection__OR__MIDDLE
CNC(=O)c1ccccc1Sc1ccc2c(/C=C/B3OC(=O)C(C)(C)N(C)C(C)(C)C(=O)O3)n[1n](C(=O)OC(C)(C)C)c2c1;CNC(=O)c1ccccc1Sc1ccc2c(/C=C/B(O)O)n[1n](C(=O)OC(C)(C)C)c2c1;mono;std;17;CNC(=O)c1ccccc1Sc1ccc2c(/C=C/c3ccccn3)n[1n](C(=O)OC(C)(C)C)c2c1;1;[CX3]=[CX3];N-Cbz-BTIDA_deprotection__OR__MIDDLE
CNC(=O)c1ccccc1Sc1ccc2c(/C=C\B3OC(=O)C(C)(C)N(C)C(C)(C)C(=O)O3)n[1n](C(=O)OC(C)(C)C)c2c1;CNC(=O)c1ccccc1Sc1ccc2c(/C=C\B(O)O)n[1n](C(=O)OC(C)(C)C)c2c1;mono;std;17;CNC(=O)c1ccccc1Sc1ccc2c(/C=C/c3ccccn3)n[1n](C(=O)OC(C)(C)C)c2c1;1;[CX3]=[CX3];N-Cbz-BTIDA_deprotection__OR__MIDDLE
CNC(=O)c1ccccc1Sc1ccc2c(C=CB3OC(=O)C(C)(C)N(C)C(C)(C)C(=O)O3)n[1n](C(=O)OC(C)(C)C)c2c1;CNC(=O)c1ccccc1Sc1ccc2c(C=CB(O)O)n[1n](C(=O)OC(C)(C)C)c2c1;mono;std;17;CNC(=O)c1ccccc1Sc1ccc2c(/C=C/c3ccccn3)n[1n](C(=O)OC(C)(C)C)c2c1;1;[CX3]=[CX3];N-Cbz-BTIDA_deprotection__OR__MIDDLE
Br/C=C/c1ccccn1;Br/C=C/c1ccccn1;mono;ext.std;7;CNC(=O)c1ccccc1Sc1ccc2c(/C=C/c3ccccn3)n[1n](C(=O)OC(C)(C)C)c2c1;1;_NO_PROBLEM_;
BrC=Cc1ccccn1;BrC=Cc1ccccn1;mono;ext.std;7;CNC(=O)c1ccccc1Sc1ccc2c(/C=C/c3ccccn3)n[1n](C(=O)OC(C)(C)C)c2c1;1;_NO_PROBLEM_;
Brc1ccccn1;Brc1ccccn1;mono;ext.std;5;CNC(=O)c1ccccc1Sc1ccc2c(/C=C/c3ccccn3)n[1n](C(=O)OC(C)(C)C)c2c1;1;_NO_PROBLEM_;
CC(C)(C)OC(=O)[1n]1nc(/C=C/c2ccccn2)c2ccc(Br)cc21;CC(C)(C)OC(=O)[1n]1nc(/C=C/c2ccccn2)c2ccc(Br)cc21;mono;extNF;14;CNC(=O)c1ccccc1Sc1ccc2c(/C=C/c3ccccn3)n[1n](C(=O)OC(C)(C)C)c2c1;1;_NO_PROBLEM_;
CN1C(C)(C)C(=O)OB(c2ccccn2)OC(=O)C1(C)C;OB(O)c1ccccn1;mono;ext.std;5;CNC(=O)c1ccccc1Sc1ccc2c(/C=C/c3ccccn3)n[1n](C(=O)OC(C)(C)C)c2c1;1;_NO_PROBLEM_;
CNC(=O)c1ccccc1B1OC(=O)C(C)(C)N(C)C(C)(C)C(=O)O1;CNC(=O)c1ccccc1B(O)O;mono;extNF;8;CNC(=O)c1ccccc1Sc1ccc2c(/C=C/c3ccccn3)n[1n](C(=O)OC(C)(C)C)c2c1;1;_NO_PROBLEM_;
CNC(=O)c1ccccc1Br;CNC(=O)c1ccccc1Br;mono;extNF;8;CNC(=O)c1ccccc1Sc1ccc2c(/C=C/c3ccccn3)n[1n](C(=O)OC(C)(C)C)c2c1;1;_NO_PROBLEM_;
CNC(=O)c1ccccc1Sc1ccc2c(/C=C/Br)n[1n](C(=O)OC(C)(C)C)c2c1;CNC(=O)c1ccccc1Sc1ccc2c(/C=C/Br)n[1n](C(=O)OC(C)(C)C)c2c1;mono;std;17;CNC(=O)c1ccccc1Sc1ccc2c(/C=C/c3ccccn3)n[1n](C(=O)OC(C)(C)C)c2c1;1;_NO_PROBLEM_;
CNC(=O)c1ccccc1Sc1ccc2c(/C=C\Br)n[1n](C(=O)OC(C)(C)C)c2c1;CNC(=O)c1ccccc1Sc1ccc2c(/C=C\Br)n[1n](C(=O)OC(C)(C)C)c2c1;mono;std;17;CNC(=O)c1ccccc1Sc1ccc2c(/C=C/c3ccccn3)n[1n](C(=O)OC(C)(C)C)c2c1;1;_NO_PROBLEM_;
CNC(=O)c1ccccc1Sc1ccc2c(B3OC(=O)C(C)(C)N(C)C(C)(C)C(=O)O3)n[1n](C(=O)OC(C)(C)C)c2c1;CNC(=O)c1ccccc1Sc1ccc2c(B(O)O)n[1n](C(=O)OC(C)(C)C)c2c1;mono;std;15;CNC(=O)c1ccccc1Sc1ccc2c(/C=C/c3ccccn3)n[1n](C(=O)OC(C)(C)C)c2c1;1;_NO_PROBLEM_;
CNC(=O)c1ccccc1Sc1ccc2c(Br)n[1n](C(=O)OC(C)(C)C)c2c1;CNC(=O)c1ccccc1Sc1ccc2c(Br)n[1n](C(=O)OC(C)(C)C)c2c1;mono;std;15;CNC(=O)c1ccccc1Sc1ccc2c(/C=C/c3ccccn3)n[1n](C(=O)OC(C)(C)C)c2c1;1;_NO_PROBLEM_;
CNC(=O)c1ccccc1Sc1ccc2c(C=CBr)n[1n](C(=O)OC(C)(C)C)c2c1;CNC(=O)c1ccccc1Sc1ccc2c(C=CBr)n[1n](C(=O)OC(C)(C)C)c2c1;mono;std;17;CNC(=O)c1ccccc1Sc1ccc2c(/C=C/c3ccccn3)n[1n](C(=O)OC(C)(C)C)c2c1;1;_NO_PROBLEM_;
CN1C(C)(C)C(=O)OB(/C=C/c2n[1n](C(=O)OC(C)(C)C)c3cc(Br)ccc23)OC(=O)C1(C)C;CC(C)(C)OC(=O)[1n]1nc(/C=C/B(O)O)c2ccc(Br)cc21;di;extNF;9;CNC(=O)c1ccccc1Sc1ccc2c(/C=C/c3ccccn3)n[1n](C(=O)OC(C)(C)C)c2c1;1;[CX3]=[CX3];N-Cbz-BTIDA_deprotection__OR__MIDDLE
CN1C(C)(C)C(=O)OB(/C=C/c2n[1n](C(=O)OC(C)(C)C)c3cc(Sc4ccccc4C(=O)O)ccc23)OC(=O)C1(C)C;CC(C)(C)OC(=O)[1n]1nc(/C=C/B(O)O)c2ccc(Sc3ccccc3C(=O)O)cc21;di;std;16;CNC(=O)c1ccccc1Sc1ccc2c(/C=C/c3ccccn3)n[1n](C(=O)OC(C)(C)C)c2c1;1;[CX3]=[CX3];N-Cbz-BTIDA_deprotection__OR__MIDDLE
CN1C(C)(C)C(=O)OB(/C=C\c2n[1n](C(=O)OC(C)(C)C)c3cc(Br)ccc23)OC(=O)C1(C)C;CC(C)(C)OC(=O)[1n]1nc(/C=C\B(O)O)c2ccc(Br)cc21;di;extNF;9;CNC(=O)c1ccccc1Sc1ccc2c(/C=C/c3ccccn3)n[1n](C(=O)OC(C)(C)C)c2c1;1;[CX3]=[CX3];N-Cbz-BTIDA_deprotection__OR__MIDDLE
CN1C(C)(C)C(=O)OB(/C=C\c2n[1n](C(=O)OC(C)(C)C)c3cc(Sc4ccccc4C(=O)O)ccc23)OC(=O)C1(C)C;CC(C)(C)OC(=O)[1n]1nc(/C=C\B(O)O)c2ccc(Sc3ccccc3C(=O)O)cc21;di;std;16;CNC(=O)c1ccccc1Sc1ccc2c(/C=C/c3ccccn3)n[1n](C(=O)OC(C)(C)C)c2c1;1;[CX3]=[CX3];N-Cbz-BTIDA_deprotection__OR__MIDDLE
CN1C(C)(C)C(=O)OB(C=Cc2n[1n](C(=O)OC(C)(C)C)c3cc(Sc4ccccc4C(=O)O)ccc23)OC(=O)C1(C)C;CC(C)(C)OC(=O)[1n]1nc(C=CB(O)O)c2ccc(Sc3ccccc3C(=O)O)cc21;di;std;16;CNC(=O)c1ccccc1Sc1ccc2c(/C=C/c3ccccn3)n[1n](C(=O)OC(C)(C)C)c2c1;1;[CX3]=[CX3];N-Cbz-BTIDA_deprotection__OR__MIDDLE
CN1C(C)(C)C(=O)OB(/C=C/Br)OC(=O)C1(C)C;OB(O)/C=C/Br;di;ext.std;2;Temsirolimus.CNC(=O)c1ccccc1Sc1ccc2c(/C=C/c3ccccn3)n[1n](C(=O)OC(C)(C)C)c2c1.Sirolimus.Everolimus;4;_NO_PROBLEM_;
CN1C(C)(C)C(=O)OB(c2ccc3c(Br)n[1n](C(=O)OC(C)(C)C)c3c2)OC(=O)C1(C)C;CC(C)(C)OC(=O)[1n]1nc(Br)c2ccc(B(O)O)cc21;di;extNF;7;CNC(=O)c1ccccc1Sc1ccc2c(/C=C/c3ccccn3)n[1n](C(=O)OC(C)(C)C)c2c1;1;_NO_PROBLEM_;
CN1C(C)(C)C(=O)OB(c2ccc3c(C=CBr)n[1n](C(=O)OC(C)(C)C)c3c2)OC(=O)C1(C)C;CC(C)(C)OC(=O)[1n]1nc(C=CBr)c2ccc(B(O)O)cc21;di;extNF;9;CNC(=O)c1ccccc1Sc1ccc2c(/C=C/c3ccccn3)n[1n](C(=O)OC(C)(C)C)c2c1;1;_NO_PROBLEM_;
CN1C(C)(C)C(=O)OB(c2ccccc2C(=O)O)OC(=O)C1(C)C;O=C(O)c1ccccc1B(O)O;di;extNF;7;CNC(=O)c1ccccc1Sc1ccc2c(/C=C/c3ccccn3)n[1n](C(=O)OC(C)(C)C)c2c1;1;_NO_PROBLEM_;
CN1C(C)(C)C(=O)OB(c2n[1n](C(=O)OC(C)(C)C)c3cc(Br)ccc23)OC(=O)C1(C)C;CC(C)(C)OC(=O)[1n]1nc(B(O)O)c2ccc(Br)cc21;di;extNF;7;CNC(=O)c1ccccc1Sc1ccc2c(/C=C/c3ccccn3)n[1n](C(=O)OC(C)(C)C)c2c1;1;_NO_PROBLEM_;
CN1C(C)(C)C(=O)OB(c2n[1n](C(=O)OC(C)(C)C)c3cc(Sc4ccccc4C(=O)O)ccc23)OC(=O)C1(C)C;CC(C)(C)OC(=O)[1n]1nc(B(O)O)c2ccc(Sc3ccccc3C(=O)O)cc21;di;std;14;CNC(=O)c1ccccc1Sc1ccc2c(/C=C/c3ccccn3)n[1n](C(=O)OC(C)(C)C)c2c1;1;_NO_PROBLEM_;
CC(C)(C)OC(=O)[1N]1CCC(n2cc(Br)cn2)CC1;CC(C)(C)OC(=O)[1N]1CCC(n2cc(Br)cn2)CC1;mono;ext.std;8;C[C@@H](Oc1cc(-c2cnn(C3CC[1N](C(=O)OC(C)(C)C)CC3)c2)cnc1[1NH]C(=O)OC(C)(C)C)c1c(Cl)ccc(F)c1Cl;1;_NO_PROBLEM_;
CN1C(C)(C)C(=O)OB(c2cnn(C3CC[1N](C(=O)OC(C)(C)C)CC3)c2)OC(=O)C1(C)C;CC(C)(C)OC(=O)[1N]1CCC(n2cc(B(O)O)cn2)CC1;mono;ext.std;8;C[C@@H](Oc1cc(-c2cnn(C3CC[1N](C(=O)OC(C)(C)C)CC3)c2)cnc1[1NH]C(=O)OC(C)(C)C)c1c(Cl)ccc(F)c1Cl;1;_NO_PROBLEM_;
C[C@@H](Oc1cc(B2OC(=O)C(C)(C)N(C)C(C)(C)C(=O)O2)cnc1[1NH]C(=O)OC(C)(C)C)c1c([1CH3])ccc(F)c1[1CH3];C[C@@H](Oc1cc(B(O)O)cnc1[1NH]C(=O)OC(C)(C)C)c1c([1CH3])ccc(F)c1[1CH3];mono;std;14;C[C@@H](Oc1cc(-c2cnn(C3CC[1N](C(=O)OC(C)(C)C)CC3)c2)cnc1[1NH]C(=O)OC(C)(C)C)c1c(Cl)ccc(F)c1Cl;1;_NO_PROBLEM_;
C[C@@H](Oc1cc(Br)cnc1[1NH]C(=O)OC(C)(C)C)c1c([1CH3])ccc(F)c1[1CH3];C[C@@H](Oc1cc(Br)cnc1[1NH]C(=O)OC(C)(C)C)c1c([1CH3])ccc(F)c1[1CH3];mono;std;14;C[C@@H](Oc1cc(-c2cnn(C3CC[1N](C(=O)OC(C)(C)C)CC3)c2)cnc1[1NH]C(=O)OC(C)(C)C)c1c(Cl)ccc(F)c1Cl;1;_NO_PROBLEM_;
CN1C(C)(C)C(=O)OB(c2cc(Br)cnc2[1NH]C(=O)OC(C)(C)C)OC(=O)C1(C)C;CC(C)(C)OC(=O)[1NH]c1ncc(Br)cc1B(O)O;di;extNF;5;C[C@@H](Oc1cc(-c2cnn(C3CC[1N](C(=O)OC(C)(C)C)CC3)c2)cnc1[1NH]C(=O)OC(C)(C)C)c1c(Cl)ccc(F)c1Cl.C[C@H]1Oc2cc(cnc2[1NH]C(=O)OC(C)(C)C)-c2c(nn(C)c2C#N)CN(C)C(=O)c2ccc(F)cc21;2;_NO_PROBLEM_;
CN1C(C)(C)C(=O)OB(c2cnc([1NH]C(=O)OC(C)(C)C)c(Br)c2)OC(=O)C1(C)C;CC(C)(C)OC(=O)[1NH]c1ncc(B(O)O)cc1Br;di;extNF;5;C[C@@H](Oc1cc(-c2cnn(C3CC[1N](C(=O)OC(C)(C)C)CC3)c2)cnc1[1NH]C(=O)OC(C)(C)C)c1c(Cl)ccc(F)c1Cl.C[C@H]1Oc2cc(cnc2[1NH]C(=O)OC(C)(C)C)-c2c(nn(C)c2C#N)CN(C)C(=O)c2ccc(F)cc21;2;_NO_PROBLEM_;
O=C(O)/C=C/CN1CCCCC1;O=C(O)/C=C/CN1CCCCC1;mono;ext.std;9;Dacomitinib;1;_NO_PROBLEM_;
COc1cc2ncnc(Br)c2cc1NC(=O)OCc1ccc(B2OC(=O)C(C)(C)N(C)C(C)(C)C(=O)O2)cc1;COc1cc2ncnc(Br)c2cc1N;di;ext.std;9;Dacomitinib;1;_NO_PROBLEM_;
CC(C)(C)OC(=O)[1n]1cnc2c(Br)ncnc21;CC(C)(C)OC(=O)[1n]1cnc2c(Br)ncnc21;mono;ext.std;5;CC[C@H](Nc1ncnc2c1nc[1n]2C(=O)OC(C)(C)C)c1nc2cccc(F)c2c(=O)n1-c1ccccc1.C[C@H](Nc1ncnc2c1nc[1n]2C(=O)OC(C)(C)C)c1cc2cccc(Cl)c2c(=O)n1-c1ccccc1;2;_NO_PROBLEM_;
CN1C(C)(C)C(=O)OB(c2ncnc3c2nc[1n]3C(=O)OC(C)(C)C)OC(=O)C1(C)C;CC(C)(C)OC(=O)[1n]1cnc2c(B(O)O)ncnc21;mono;ext.std;5;CC[C@H](Nc1ncnc2c1nc[1n]2C(=O)OC(C)(C)C)c1nc2cccc(F)c2c(=O)n1-c1ccccc1.C[C@H](Nc1ncnc2c1nc[1n]2C(=O)OC(C)(C)C)c1cc2cccc(Cl)c2c(=O)n1-c1ccccc1;2;_NO_PROBLEM_;
C[C@H](NC(=O)OCc1ccc(B2OC(=O)C(C)(C)N(C)C(C)(C)C(=O)O2)cc1)c1cc2cccc([1CH3])c2c(=O)n1-c1ccccc1;C[C@H](N)c1cc2cccc([1CH3])c2c(=O)n1-c1ccccc1;mono;ext.std;17;C[C@H](Nc1ncnc2c1nc[1n]2C(=O)OC(C)(C)C)c1cc2cccc(Cl)c2c(=O)n1-c1ccccc1;1;_NO_PROBLEM_;
CC(C)S(=O)(=O)c1ccccc1B1OC(=O)C(C)(C)N(C)C(C)(C)C(=O)O1;CC(C)S(=O)(=O)c1ccccc1B(O)O;mono;ext.std;9;Cc1cc(Nc2ncc(Cl)c(Nc3ccccc3S(=O)(=O)C(C)C)n2)c(OC(C)C)cc1C1CC[1N](C(=O)OC(C)(C)C)CC1;1;_NO_PROBLEM_;
CC(C)S(=O)(=O)c1ccccc1Br;CC(C)S(=O)(=O)c1ccccc1Br;mono;ext.std;9;Cc1cc(Nc2ncc(Cl)c(Nc3ccccc3S(=O)(=O)C(C)C)n2)c(OC(C)C)cc1C1CC[1N](C(=O)OC(C)(C)C)CC1;1;_NO_PROBLEM_;
CC(C)S(=O)(=O)c1ccccc1NC(=O)OCc1ccc(B2OC(=O)C(C)(C)N(C)C(C)(C)C(=O)O2)cc1;CC(C)S(=O)(=O)c1ccccc1N;mono;ext.std;9;Cc1cc(Nc2ncc(Cl)c(Nc3ccccc3S(=O)(=O)C(C)C)n2)c(OC(C)C)cc1C1CC[1N](C(=O)OC(C)(C)C)CC1;1;_NO_PROBLEM_;
Cc1cc(B2OC(=O)C(C)(C)N(C)C(C)(C)C(=O)O2)c(OC(C)C)cc1C1CC[1N](C(=O)OC(C)(C)C)CC1;Cc1cc(B(O)O)c(OC(C)C)cc1C1CC[1N](C(=O)OC(C)(C)C)CC1;mono;std;15;Cc1cc(Nc2ncc(Cl)c(Nc3ccccc3S(=O)(=O)C(C)C)n2)c(OC(C)C)cc1C1CC[1N](C(=O)OC(C)(C)C)CC1;1;_NO_PROBLEM_;
Cc1cc(Br)c(OC(C)C)cc1C1CC[1N](C(=O)OC(C)(C)C)CC1;Cc1cc(Br)c(OC(C)C)cc1C1CC[1N](C(=O)OC(C)(C)C)CC1;mono;std;15;Cc1cc(Nc2ncc(Cl)c(Nc3ccccc3S(=O)(=O)C(C)C)n2)c(OC(C)C)cc1C1CC[1N](C(=O)OC(C)(C)C)CC1;1;_NO_PROBLEM_;
Cc1cc(NC(=O)OCc2ccc(B3OC(=O)C(C)(C)N(C)C(C)(C)C(=O)O3)cc2)c(OC(C)C)cc1C1CC[1N](C(=O)OC(C)(C)C)CC1;Cc1cc(N)c(OC(C)C)cc1C1CC[1N](C(=O)OC(C)(C)C)CC1;mono;std;15;Cc1cc(Nc2ncc(Cl)c(Nc3ccccc3S(=O)(=O)C(C)C)n2)c(OC(C)C)cc1C1CC[1N](C(=O)OC(C)(C)C)CC1;1;_NO_PROBLEM_;
CN1C(C)(C)C(=O)OB(c2ccc(COC(=O)Nc3nc(Br)ncc3[1CH3])cc2)OC(=O)C1(C)C;[1CH3]c1cnc(Br)nc1N;di;ext.std;4;Brigatinib.Cc1cc(Nc2ncc(Cl)c(Nc3ccccc3S(=O)(=O)C(C)C)n2)c(OC(C)C)cc1C1CC[1N](C(=O)OC(C)(C)C)CC1;2;_NO_PROBLEM_;
CN1C(C)(C)C(=O)OB(c2ccc(COC(=O)Nc3ncc([1CH3])c(Br)n3)cc2)OC(=O)C1(C)C;[1CH3]c1cnc(N)nc1Br;di;ext.std;4;Brigatinib.Cc1cc(Nc2ncc(Cl)c(Nc3ccccc3S(=O)(=O)C(C)C)n2)c(OC(C)C)cc1C1CC[1N](C(=O)OC(C)(C)C)CC1;2;_NO_PROBLEM_;
Cc1cc(B2OC(=O)C(C)(C)N(C)C(C)(C)C(=O)O2)c(OC(C)C)cc1Br;Cc1cc(B(O)O)c(OC(C)C)cc1Br;di;extNF;10;Cc1cc(Nc2ncc(Cl)c(Nc3ccccc3S(=O)(=O)C(C)C)n2)c(OC(C)C)cc1C1CC[1N](C(=O)OC(C)(C)C)CC1;1;_NO_PROBLEM_;
Cc1cc(Br)c(OC(C)C)cc1B1OC(=O)C(C)(C)N(C)C(C)(C)C(=O)O1;Cc1cc(Br)c(OC(C)C)cc1B(O)O;di;extNF;10;Cc1cc(Nc2ncc(Cl)c(Nc3ccccc3S(=O)(=O)C(C)C)n2)c(OC(C)C)cc1C1CC[1N](C(=O)OC(C)(C)C)CC1;1;_NO_PROBLEM_;
Cc1cc(NC(=O)OCc2ccc(B3OC(=O)C(C)(C)N(C)C(C)(C)C(=O)O3)cc2)c(OC(C)C)cc1Br;Cc1cc(N)c(OC(C)C)cc1Br;di;extNF;10;Cc1cc(Nc2ncc(Cl)c(Nc3ccccc3S(=O)(=O)C(C)C)n2)c(OC(C)C)cc1C1CC[1N](C(=O)OC(C)(C)C)CC1;1;_NO_PROBLEM_;
O=S(=O)(Nc1cccc(Br)c1F)c1c(F)cccc1F;O=S(=O)(Nc1cccc(Br)c1F)c1c(F)cccc1F;mono;std;12;CC(C)(C)OC(=O)[1NH]c1nccc(-c2sc(C(C)(C)C)nc2-c2cccc(NS(=O)(=O)c3c(F)cccc3F)c2F)n1;1;[#6]S(=O)(=O)[NH][CX4,c].[#6]S(=O)(=O)[NH][CX4,c];Pd-coupling_of_aromatic_bromide_with_phenol__OR__nH_coupling.Pd-coupling_of_aromatic_bromide_with_phenol__OR__nH_coupling
CC(C)(C)OC(=O)[1NH]c1nccc(Br)n1;CC(C)(C)OC(=O)[1NH]c1nccc(Br)n1;mono;ext.std;4;CC(C)(C)OC(=O)[1NH]c1nccc(-c2sc(C(C)(C)C)nc2-c2cccc(NS(=O)(=O)c3c(F)cccc3F)c2F)n1;1;_NO_PROBLEM_;
CN1C(C)(C)C(=O)OB(c2cccc(NS(=O)(=O)c3c(F)cccc3F)c2F)OC(=O)C1(C)C;O=S(=O)(Nc1cccc(B(O)O)c1F)c1c(F)cccc1F;mono;std;12;CC(C)(C)OC(=O)[1NH]c1nccc(-c2sc(C(C)(C)C)nc2-c2cccc(NS(=O)(=O)c3c(F)cccc3F)c2F)n1;1;_NO_PROBLEM_;
CN1C(C)(C)C(=O)OB(c2ccnc([1NH]C(=O)OC(C)(C)C)n2)OC(=O)C1(C)C;CC(C)(C)OC(=O)[1NH]c1nccc(B(O)O)n1;mono;ext.std;4;CC(C)(C)OC(=O)[1NH]c1nccc(-c2sc(C(C)(C)C)nc2-c2cccc(NS(=O)(=O)c3c(F)cccc3F)c2F)n1;1;_NO_PROBLEM_;
CN1C(C)(C)C(=O)OB(c2ccc(COC(=O)Nc3cccc(Br)c3F)cc2)OC(=O)C1(C)C;Nc1cccc(Br)c1F;di;extNF;6;CC(C)(C)OC(=O)[1NH]c1nccc(-c2sc(C(C)(C)C)nc2-c2cccc(NS(=O)(=O)c3c(F)cccc3F)c2F)n1;1;_NO_PROBLEM_;
CN1C(C)(C)C(=O)OB(c2nc(C(C)(C)C)sc2Br)OC(=O)C1(C)C;CC(C)(C)c1nc(B(O)O)c(Br)s1;di;ext.std;7;CC(C)(C)OC(=O)[1NH]c1nccc(-c2sc(C(C)(C)C)nc2-c2cccc(NS(=O)(=O)c3c(F)cccc3F)c2F)n1;1;_NO_PROBLEM_;
CN1C(C)(C)C(=O)OB(c2sc(C(C)(C)C)nc2Br)OC(=O)C1(C)C;CC(C)(C)c1nc(Br)c(B(O)O)s1;di;ext.std;7;CC(C)(C)OC(=O)[1NH]c1nccc(-c2sc(C(C)(C)C)nc2-c2cccc(NS(=O)(=O)c3c(F)cccc3F)c2F)n1;1;_NO_PROBLEM_;
CN1C(C)(C)C(=O)OB(c2ccc(COC(=O)Nc3ccccc3P(C)(C)=O)cc2)OC(=O)C1(C)C;CP(C)(=O)c1ccccc1N;mono;ext.std;8;Brigatinib;1;_NO_PROBLEM_;
CN1C(C)(C)C(=O)OB(c2ccccc2P(C)(C)=O)OC(=O)C1(C)C;CP(C)(=O)c1ccccc1B(O)O;mono;ext.std;8;Brigatinib;1;_NO_PROBLEM_;
CN1CCN(C2CCN(C(=O)OCc3ccc(B4OC(=O)C(C)(C)N(C)C(C)(C)C(=O)O4)cc3)CC2)CC1;CN1CCN(C2CCNCC2)CC1;mono;ext.std;10;Gilteritinib.Brigatinib;2;_NO_PROBLEM_;
CP(C)(=O)c1ccccc1Br;CP(C)(=O)c1ccccc1Br;mono;ext.std;8;Brigatinib;1;_NO_PROBLEM_;
COc1cc(Br)ccc1NC(=O)OCc1ccc(B2OC(=O)C(C)(C)N(C)C(C)(C)C(=O)O2)cc1;COc1cc(Br)ccc1N;di;ext.std;7;Brigatinib;1;_NO_PROBLEM_;
CC(C)[1N](CCNC(=O)OCc1ccc(B2OC(=O)C(C)(C)N(C)C(C)(C)C(=O)O2)cc1)C(=O)OC(C)(C)C;CC(C)[1N](CCN)C(=O)OC(C)(C)C;mono;extNF;5;COc1cc(OC)cc(N(CC[1N](C(=O)OC(C)(C)C)C(C)C)c2ccc3ncc(-c4cnn(C)c4)nc3c2)c1;1;_NO_PROBLEM_;
COc1cc(Br)cc(OC)c1;COc1cc(Br)cc(OC)c1;mono;extNF;8;C=CC(=O)N1CC[C@H](n2nc(C#Cc3cc(OC)cc(OC)c3)c3c([1NH]C(=O)OC(C)(C)C)ncnc32)C1.COc1cc(OC)cc(N(CC[1N](C(=O)OC(C)(C)C)C(C)C)c2ccc3ncc(-c4cnn(C)c4)nc3c2)c1;2;_NO_PROBLEM_;
COc1cc(OC)cc(B2OC(=O)C(C)(C)N(C)C(C)(C)C(=O)O2)c1;COc1cc(OC)cc(B(O)O)c1;mono;extNF;8;C=CC(=O)N1CC[C@H](n2nc(C#Cc3cc(OC)cc(OC)c3)c3c([1NH]C(=O)OC(C)(C)C)ncnc32)C1.COc1cc(OC)cc(N(CC[1N](C(=O)OC(C)(C)C)C(C)C)c2ccc3ncc(-c4cnn(C)c4)nc3c2)c1;2;_NO_PROBLEM_;
CN1C(C)(C)C(=O)OB(c2ccc3ncc(Br)nc3c2)OC(=O)C1(C)C;OB(O)c1ccc2ncc(Br)nc2c1;di;extNF;8;COc1cc(OC)cc(N(CC[1N](C(=O)OC(C)(C)C)C(C)C)c2ccc3ncc(-c4cnn(C)c4)nc3c2)c1;1;_NO_PROBLEM_;
CN1C(C)(C)C(=O)OB(c2cnc3ccc(Br)cc3n2)OC(=O)C1(C)C;OB(O)c1cnc2ccc(Br)cc2n1;di;extNF;8;COc1cc(OC)cc(N(CC[1N](C(=O)OC(C)(C)C)C(C)C)c2ccc3ncc(-c4cnn(C)c4)nc3c2)c1;1;_NO_PROBLEM_;
CC(C)[Si](C#Cc1cccc(B2OC(=O)C(C)(C)N(C)C(C)(C)C(=O)O2)c1)(C(C)C)C(C)C;CC(C)[Si](C#Cc1cccc(B(O)O)c1)(C(C)C)C(C)C;mono;ext.std;8;Erlotinib;1;_NO_PROBLEM_;
CC(C)[Si](C#Cc1cccc(Br)c1)(C(C)C)C(C)C;CC(C)[Si](C#Cc1cccc(Br)c1)(C(C)C)C(C)C;mono;;8;;0;_NO_PROBLEM_;
CC(C)[Si](C#Cc1cccc(NC(=O)OCc2ccc(B3OC(=O)C(C)(C)N(C)C(C)(C)C(=O)O3)cc2)c1)(C(C)C)C(C)C;CC(C)[Si](C#Cc1cccc(N)c1)(C(C)C)C(C)C;mono;ext.std;8;Erlotinib;1;_NO_PROBLEM_;
COCCOc1cc2ncnc(B3OC(=O)C(C)(C)N(C)C(C)(C)C(=O)O3)c2cc1OCCOC;COCCOc1cc2ncnc(B(O)O)c2cc1OCCOC;mono;std;14;Erlotinib;1;_NO_PROBLEM_;
COCCOc1cc2ncnc(Br)c2cc1OCCOC;COCCOc1cc2ncnc(Br)c2cc1OCCOC;mono;std;14;Erlotinib;1;_NO_PROBLEM_;
COCCOc1cc2ncnc(NC(=O)OCc3ccc(B4OC(=O)C(C)(C)N(C)C(C)(C)C(=O)O4)cc3)c2cc1OCCOC;COCCOc1cc2ncnc(N)c2cc1OCCOC;mono;std;14;Erlotinib;1;_NO_PROBLEM_;
COCCOc1cc2c(NC(=O)OCc3ccc(B4OC(=O)C(C)(C)N(C)C(C)(C)C(=O)O4)cc3)ncnc2cc1Br;COCCOc1cc2c(N)ncnc2cc1Br;di;extNF;11;Erlotinib;1;_NO_PROBLEM_;
COCCOc1cc2ncnc(NC(=O)OCc3ccc(B4OC(=O)C(C)(C)N(C)C(C)(C)C(=O)O4)cc3)c2cc1Br;COCCOc1cc2ncnc(N)c2cc1Br;di;extNF;11;Erlotinib;1;_NO_PROBLEM_;
CN1C(C)(C)C(=O)OB(c2ccc(COC(=O)N3CCN(CCO)CC3)cc2)OC(=O)C1(C)C;OCCN1CCNCC1;mono;ext.std;6;Dasatinib;1;_NO_PROBLEM_;
Cc1cccc([1CH3])c1NC(=O)OCc1ccc(B2OC(=O)C(C)(C)N(C)C(C)(C)C(=O)O2)cc1;Cc1cccc([1CH3])c1N;mono;ext.std;7;Dasatinib;1;_NO_PROBLEM_;
CN1C(C)(C)C(=O)OB(c2ccc(COC(=O)Nc3ncc(C(=O)O)s3)cc2)OC(=O)C1(C)C;Nc1ncc(C(=O)O)s1;di;ext.std;4;Dasatinib;1;_NO_PROBLEM_;
Cc1nc(Br)cc(NC(=O)OCc2ccc(B3OC(=O)C(C)(C)N(C)C(C)(C)C(=O)O3)cc2)n1;Cc1nc(N)cc(Br)n1;di;ext.std;5;Dasatinib;1;_NO_PROBLEM_;
COc1cc(C#Cc2nn([C@H]3CCN(C(=O)OCc4ccc(B5OC(=O)C(C)(C)N(C)C(C)(C)C(=O)O5)cc4)C3)c3ncnc([1NH]C(=O)OC(C)(C)C)c23)cc(OC)c1;COc1cc(C#Cc2nn([C@H]3CCNC3)c3ncnc([1NH]C(=O)OC(C)(C)C)c23)cc(OC)c1;mono;std;19;C=CC(=O)N1CC[C@H](n2nc(C#Cc3cc(OC)cc(OC)c3)c3c([1NH]C(=O)OC(C)(C)C)ncnc32)C1;1;[CX2]#[CX2];N-Cbz-BTIDA_deprotection__OR__MIDDLE
C=CC(=O)O;C=CC(=O)O;mono;ext.std;3;Mobocertinib.C=CC(=O)N1CC[C@H](n2nc(C#Cc3cc(OC)cc(OC)c3)c3c([1NH]C(=O)OC(C)(C)C)ncnc32)C1.C=CC(=O)N1C[C@H](Nc2ncnc3c2cc[1n]3C(=O)OC(C)(C)C)CC[C@@H]1C.Sotorasib.C=CC(=O)N1CCC([C@@H]2CC[1N](C(=O)OC(C)(C)C)c3c(C(N)=O)c(-c4ccc(Oc5ccccc5)cc4)nn32)CC1.C=CC(=O)N1CCC[C@@H](n2nc(-c3ccc(Oc4ccccc4)cc3)c3c([1NH]C(=O)OC(C)(C)C)ncnc32)C1.Osimertinib;7;_NO_PROBLEM_;
CN1C(C)(C)C(=O)OB(c2ccc(COC(=O)N3CC[C@H](n4nc(Br)c5c([1NH]C(=O)OC(C)(C)C)ncnc54)C3)cc2)OC(=O)C1(C)C;CC(C)(C)OC(=O)[1NH]c1ncnc2c1c(Br)nn2[C@H]1CCNC1;di;extNF;9;C=CC(=O)N1CC[C@H](n2nc(C#Cc3cc(OC)cc(OC)c3)c3c([1NH]C(=O)OC(C)(C)C)ncnc32)C1;1;_NO_PROBLEM_;
CN1C(C)(C)C(=O)OB(c2cc(F)cc(F)c2)OC(=O)C1(C)C;OB(O)c1cc(F)cc(F)c1;mono;extNF;6;CN1CCN(c2ccc(C(=O)Nc3n[1n](C(=O)OC(C)(C)C)c4ccc(Cc5cc(F)cc(F)c5)cc34)c(NC3CCOCC3)c2)CC1;1;_NO_PROBLEM_;
CN1C(C)(C)C(=O)OB(c2ccc(COC(=O)NC3CCOCC3)cc2)OC(=O)C1(C)C;NC1CCOCC1;mono;ext.std;5;CN1CCN(c2ccc(C(=O)Nc3n[1n](C(=O)OC(C)(C)C)c4ccc(Cc5cc(F)cc(F)c5)cc34)c(NC3CCOCC3)c2)CC1.Gilteritinib;2;_NO_PROBLEM_;
CN1C(C)(C)C(=O)OB(c2ccc(COC(=O)Nc3n[1n](C(=O)OC(C)(C)C)c4ccc(Cc5cc(F)cc(F)c5)cc34)cc2)OC(=O)C1(C)C;CC(C)(C)OC(=O)[1n]1nc(N)c2cc(Cc3cc(F)cc(F)c3)ccc21;mono;std;14;CN1CCN(c2ccc(C(=O)Nc3n[1n](C(=O)OC(C)(C)C)c4ccc(Cc5cc(F)cc(F)c5)cc34)c(NC3CCOCC3)c2)CC1;1;_NO_PROBLEM_;
CN1CCN(C(=O)OCc2ccc(B3OC(=O)C(C)(C)N(C)C(C)(C)C(=O)O3)cc2)CC1;CN1CCNCC1;mono;ext.std;5;Trilaciclib.CN1CCN(c2ccc(C(=O)Nc3n[1n](C(=O)OC(C)(C)C)c4ccc(Cc5cc(F)cc(F)c5)cc34)c(NC3CCOCC3)c2)CC1;2;_NO_PROBLEM_;
Fc1cc(F)cc(Br)c1;Fc1cc(F)cc(Br)c1;mono;extNF;6;CN1CCN(c2ccc(C(=O)Nc3n[1n](C(=O)OC(C)(C)C)c4ccc(Cc5cc(F)cc(F)c5)cc34)c(NC3CCOCC3)c2)CC1;1;_NO_PROBLEM_;
CN1C(C)(C)C(=O)OB(c2ccc(COC(=O)Nc3n[1n](C(=O)OC(C)(C)C)c4ccc(Br)cc34)cc2)OC(=O)C1(C)C;CC(C)(C)OC(=O)[1n]1nc(N)c2cc(Br)ccc21;di;extNF;7;CN1CCN(c2ccc(C(=O)Nc3n[1n](C(=O)OC(C)(C)C)c4ccc(Cc5cc(F)cc(F)c5)cc34)c(NC3CCOCC3)c2)CC1;1;_NO_PROBLEM_;
CS(=O)(=O)Nc1cc([1CH3])cc(Br)c1F;CS(=O)(=O)Nc1cc([1CH3])cc(Br)c1F;mono;ext.std;7;Encorafenib;1;[#6]S(=O)(=O)[NH][CX4,c].[#6]S(=O)(=O)[NH][CX4,c];Pd-coupling_of_aromatic_bromide_with_phenol__OR__nH_coupling.Pd-coupling_of_aromatic_bromide_with_phenol__OR__nH_coupling
CN1C(C)(C)C(=O)OB(c2cc([1CH3])cc(NS(C)(=O)=O)c2F)OC(=O)C1(C)C;CS(=O)(=O)Nc1cc([1CH3])cc(B(O)O)c1F;mono;ext.std;7;Encorafenib;1;_NO_PROBLEM_;
C[C@@H](CNC(=O)OCc1ccc(B2OC(=O)C(C)(C)N(C)C(C)(C)C(=O)O2)cc1)NC(=O)OC(C)(C)C;C[C@@H](CN)NC(=O)OC(C)(C)C;mono;ext.std;3;Encorafenib;1;_NO_PROBLEM_;
CC(C)n1cc(B2OC(=O)C(C)(C)N(C)C(C)(C)C(=O)O2)c(Br)n1;CC(C)n1cc(B(O)O)c(Br)n1;di;ext.std;6;Encorafenib;1;_NO_PROBLEM_;
CC(C)n1cc(Br)c(B2OC(=O)C(C)(C)N(C)C(C)(C)C(=O)O2)n1;CC(C)n1cc(Br)c(B(O)O)n1;di;ext.std;6;Encorafenib;1;_NO_PROBLEM_;
CN1C(C)(C)C(=O)OB(c2ccc(COC(=O)Nc3cc([1CH3])cc(Br)c3F)cc2)OC(=O)C1(C)C;[1CH3]c1cc(N)c(F)c(Br)c1;di;ext.std;6;Encorafenib;1;_NO_PROBLEM_;
CN1C(C)(C)C(=O)OB(c2ccnc(Br)n2)OC(=O)C1(C)C;OB(O)c1ccnc(Br)n1;di;ext.std;4;Pacritinib.Momelotinib.Encorafenib.Imatinib.Nilotinib.Osimertinib;6;_NO_PROBLEM_;
Cn1cnc(Br)n1;Cn1cnc(Br)n1;mono;ext.std;3;Deucravacitinib;1;_NO_PROBLEM_;
O=C(O)C1CC1;O=C(O)C1CC1;mono;ext.std;4;Deucravacitinib;1;_NO_PROBLEM_;
COc1c(Br)cccc1B1OC(=O)C(C)(C)N(C)C(C)(C)C(=O)O1;COc1c(Br)cccc1B(O)O;di;ext.std;7;Deucravacitinib;1;_NO_PROBLEM_;
COc1c(Br)cccc1NC(=O)OCc1ccc(B2OC(=O)C(C)(C)N(C)C(C)(C)C(=O)O2)cc1;COc1c(N)cccc1Br;di;ext.std;7;Deucravacitinib;1;_NO_PROBLEM_;
[2H]C([2H])([2H])NC(=O)c1nnc(NC(=O)OCc2ccc(B3OC(=O)C(C)(C)N(C)C(C)(C)C(=O)O3)cc2)cc1Br;[2H]C([2H])([2H])NC(=O)c1nnc(N)cc1Br;di;ext.std;6;Deucravacitinib;1;_NO_PROBLEM_;
COc1cc2ncnc(B3OC(=O)C(C)(C)N(C)C(C)(C)C(=O)O3)c2cc1OCCCN1CCOCC1;COc1cc2ncnc(B(O)O)c2cc1OCCCN1CCOCC1;mono;std;16;Gefitinib;1;_NO_PROBLEM_;
COc1cc2ncnc(Br)c2cc1OCCCN1CCOCC1;COc1cc2ncnc(Br)c2cc1OCCCN1CCOCC1;mono;std;16;Gefitinib;1;_NO_PROBLEM_;
COc1cc2ncnc(NC(=O)OCc3ccc(B4OC(=O)C(C)(C)N(C)C(C)(C)C(=O)O4)cc3)c2cc1OCCCN1CCOCC1;COc1cc2ncnc(N)c2cc1OCCCN1CCOCC1;mono;std;16;Gefitinib;1;_NO_PROBLEM_;
COc1cc2ncnc(NC(=O)OCc3ccc(B4OC(=O)C(C)(C)N(C)C(C)(C)C(=O)O4)cc3)c2cc1Br;COc1cc2ncnc(N)c2cc1Br;di;extNF;9;Gefitinib;1;_NO_PROBLEM_;
CC(C)(C)NS(=O)(=O)c1cccc(Br)c1;CC(C)(C)NS(=O)(=O)c1cccc(Br)c1;mono;std;10;Fedratinib;1;[#6]S(=O)(=O)[NH][CX4,c].[#6]S(=O)(=O)[NH][CX4,c];Pd-coupling_of_aromatic_bromide_with_phenol__OR__nH_coupling.Pd-coupling_of_aromatic_bromide_with_phenol__OR__nH_coupling
Brc1ccc(OCCN2CCCC2)cc1;Brc1ccc(OCCN2CCCC2)cc1;mono;std;12;Fedratinib;1;_NO_PROBLEM_;
CN1C(C)(C)C(=O)OB(c2ccc(COC(=O)NC(C)(C)C)cc2)OC(=O)C1(C)C;CC(C)(C)N;mono;extNF;4;Fedratinib;1;_NO_PROBLEM_;
CN1C(C)(C)C(=O)OB(c2ccc(COC(=O)Nc3ccc(OCCN4CCCC4)cc3)cc2)OC(=O)C1(C)C;Nc1ccc(OCCN2CCCC2)cc1;mono;std;12;Fedratinib;1;_NO_PROBLEM_;
CN1C(C)(C)C(=O)OB(c2ccc(COC(=O)Nc3cccc(S(=O)(=O)NC(C)(C)C)c3)cc2)OC(=O)C1(C)C;CC(C)(C)NS(=O)(=O)c1cccc(N)c1;mono;std;10;Fedratinib;1;_NO_PROBLEM_;
CN1C(C)(C)C(=O)OB(c2ccc(OCCN3CCCC3)cc2)OC(=O)C1(C)C;OB(O)c1ccc(OCCN2CCCC2)cc1;mono;std;12;Fedratinib;1;_NO_PROBLEM_;
CN1C(C)(C)C(=O)OB(c2cccc(S(=O)(=O)NC(C)(C)C)c2)OC(=O)C1(C)C;CC(C)(C)NS(=O)(=O)c1cccc(B(O)O)c1;mono;std;10;Fedratinib;1;_NO_PROBLEM_;
Cc1cnc(Br)nc1NC(=O)OCc1ccc(B2OC(=O)C(C)(C)N(C)C(C)(C)C(=O)O2)cc1;Cc1cnc(Br)nc1N;di;ext.std;5;Fedratinib;1;_NO_PROBLEM_;
Cc1cnc(NC(=O)OCc2ccc(B3OC(=O)C(C)(C)N(C)C(C)(C)C(=O)O3)cc2)nc1Br;Cc1cnc(N)nc1Br;di;ext.std;5;Fedratinib;1;_NO_PROBLEM_;
CC[C@H](NC(=O)OCc1ccc(B2OC(=O)C(C)(C)N(C)C(C)(C)C(=O)O2)cc1)c1nc2cccc(F)c2c(=O)n1-c1ccccc1;CC[C@H](N)c1nc2cccc(F)c2c(=O)n1-c1ccccc1;mono;ext.std;17;CC[C@H](Nc1ncnc2c1nc[1n]2C(=O)OC(C)(C)C)c1nc2cccc(F)c2c(=O)n1-c1ccccc1;1;_NO_PROBLEM_;
CC1(C)Oc2ccc(Br)nc2NC1=O;CC1(C)Oc2ccc(Br)nc2NC1=O;mono;ext.std;9;Fostamatinib;1;_NO_PROBLEM_;
CN1C(C)(C)C(=O)OB(c2ccc(COC(=O)Nc3ccc4c(n3)NC(=O)C(C)(C)O4)cc2)OC(=O)C1(C)C;CC1(C)Oc2ccc(N)nc2NC1=O;mono;ext.std;9;Fostamatinib;1;_NO_PROBLEM_;
CN1C(C)(C)C(=O)OB(c2ccc3c(n2)NC(=O)C(C)(C)O3)OC(=O)C1(C)C;CC1(C)Oc2ccc(B(O)O)nc2NC1=O;mono;ext.std;9;Fostamatinib;1;_NO_PROBLEM_;
COc1cc(B2OC(=O)C(C)(C)N(C)C(C)(C)C(=O)O2)cc(OC)c1OC;COc1cc(B(O)O)cc(OC)c1OC;mono;ext.std;9;Fostamatinib;1;_NO_PROBLEM_;
COc1cc(Br)cc(OC)c1OC;COc1cc(Br)cc(OC)c1OC;mono;ext.std;9;Fostamatinib;1;_NO_PROBLEM_;
COc1cc(NC(=O)OCc2ccc(B3OC(=O)C(C)(C)N(C)C(C)(C)C(=O)O3)cc2)cc(OC)c1OC;COc1cc(N)cc(OC)c1OC;mono;ext.std;9;Fostamatinib;1;_NO_PROBLEM_;
CN1C(C)(C)C(=O)OB(c2ccc(COC(=O)Nc3nc(Br)ncc3F)cc2)OC(=O)C1(C)C;Nc1nc(Br)ncc1F;di;ext.std;4;Fostamatinib;1;_NO_PROBLEM_;
CN1C(C)(C)C(=O)OB(c2ccc(COC(=O)NC3CC(F)(F)C3)cc2)OC(=O)C1(C)C;NC1CC(F)(F)C1;mono;ext.std;4;Ivosidenib;1;_NO_PROBLEM_;
N#Cc1ccnc(N2C(=O)CC[C@H]2C(=O)O)c1;N#Cc1ccnc(N2C(=O)CC[C@H]2C(=O)O)c1;mono;extNF;11;Ivosidenib;1;_NO_PROBLEM_;
CN1C(C)(C)C(=O)OB(c2ccc(COC(=O)N3CCC[C@@H]3c3cc(F)ccc3F)cc2)OC(=O)C1(C)C;Fc1ccc(F)c([C@H]2CCCN2)c1;mono;ext.std;10;Larotrectinib;1;_NO_PROBLEM_;
CN1C(C)(C)C(=O)OB(c2ccc(COC(=O)N3CC[C@H](O)C3)cc2)OC(=O)C1(C)C;O[C@H]1CCNC1;mono;ext.std;4;Larotrectinib;1;_NO_PROBLEM_;
CCc1nc(-c2ncco2)c(NC(=O)OCc2ccc(B3OC(=O)C(C)(C)N(C)C(C)(C)C(=O)O3)cc2)nc1Br;CCc1nc(-c2ncco2)c(N)nc1Br;di;ext.std;9;Gilteritinib;1;_NO_PROBLEM_;
COc1cc(NC(=O)OCc2ccc(B3OC(=O)C(C)(C)N(C)C(C)(C)C(=O)O3)cc2)ccc1Br;COc1cc(N)ccc1Br;di;ext.std;7;Gilteritinib;1;_NO_PROBLEM_;
CN1C(C)(C)C(=O)OB(c2ccc(COC(=O)NC3CC3)cc2)OC(=O)C1(C)C;NC1CC1;mono;ext.std;3;Lenvatinib;1;_NO_PROBLEM_;
COc1cc2nccc(B3OC(=O)C(C)(C)N(C)C(C)(C)C(=O)O3)c2cc1-c1ncco1;COc1cc2nccc(B(O)O)c2cc1-c1ncco1;mono;ext.std;13;Lenvatinib;1;_NO_PROBLEM_;
COc1cc2nccc(Br)c2cc1-c1ncco1;COc1cc2nccc(Br)c2cc1-c1ncco1;mono;;13;;0;_NO_PROBLEM_;
O=C=NC1CC1;O=C=NC1CC1;mono;ext.std;4;Lenvatinib;1;_NO_PROBLEM_;
CN1C(C)(C)C(=O)OB(c2ccc(COC(=O)Nc3ccc(Br)cc3[1CH3])cc2)OC(=O)C1(C)C;[1CH3]c1cc(Br)ccc1N;di;ext.std;6;Lenvatinib.Tivozanib;2;_NO_PROBLEM_;
O=C(O)c1ccccc1;O=C(O)c1ccccc1;mono;ext.std;7;Midostaurin;1;_NO_PROBLEM_;
CCC(=O)O;CCC(=O)O;mono;ext.std;3;Leniolisib;1;_NO_PROBLEM_;
COc1ncc(B2OC(=O)C(C)(C)N(C)C(C)(C)C(=O)O2)cc1C(F)(F)F;COc1ncc(B(O)O)cc1C(F)(F)F;mono;ext.std;7;Leniolisib;1;_NO_PROBLEM_;
COc1ncc(Br)cc1C(F)(F)F;COc1ncc(Br)cc1C(F)(F)F;mono;ext.std;7;Leniolisib;1;_NO_PROBLEM_;
CN1C(C)(C)C(=O)OB(c2ccc(COC(=O)N3CCc4ncnc(Br)c4C3)cc2)OC(=O)C1(C)C;Brc1ncnc2c1CNCC2;di;ext.std;7;Leniolisib;1;_NO_PROBLEM_;
CC(C)(C)OC(=O)[1N](CCS(C)(=O)=O)Cc1ccc(Br)o1;CC(C)(C)OC(=O)[1N](CCS(C)(=O)=O)Cc1ccc(Br)o1;mono;ext.std;8;CC(C)(C)OC(=O)[1N](CCS(C)(=O)=O)Cc1ccc(-c2ccc3ncnc(Nc4ccc(OCc5cccc(F)c5)c(Cl)c4)c3c2)o1;1;_NO_PROBLEM_;
CN1C(C)(C)C(=O)OB(c2ccc(COC(=O)Nc3ccc(OCc4cccc(F)c4)c([1CH3])c3)cc2)OC(=O)C1(C)C;[1CH3]c1cc(N)ccc1OCc1cccc(F)c1;mono;std;13;CC(C)(C)OC(=O)[1N](CCS(C)(=O)=O)Cc1ccc(-c2ccc3ncnc(Nc4ccc(OCc5cccc(F)c5)c(Cl)c4)c3c2)o1;1;_NO_PROBLEM_;
CN1C(C)(C)C(=O)OB(c2ccc(C[1N](CCS(C)(=O)=O)C(=O)OC(C)(C)C)o2)OC(=O)C1(C)C;CC(C)(C)OC(=O)[1N](CCS(C)(=O)=O)Cc1ccc(B(O)O)o1;mono;ext.std;8;CC(C)(C)OC(=O)[1N](CCS(C)(=O)=O)Cc1ccc(-c2ccc3ncnc(Nc4ccc(OCc5cccc(F)c5)c(Cl)c4)c3c2)o1;1;_NO_PROBLEM_;
CN1C(C)(C)C(=O)OB(c2ccc(OCc3cccc(F)c3)c([1CH3])c2)OC(=O)C1(C)C;[1CH3]c1cc(B(O)O)ccc1OCc1cccc(F)c1;mono;std;13;CC(C)(C)OC(=O)[1N](CCS(C)(=O)=O)Cc1ccc(-c2ccc3ncnc(Nc4ccc(OCc5cccc(F)c5)c(Cl)c4)c3c2)o1;1;_NO_PROBLEM_;
[1CH3]c1cc(Br)ccc1OCc1cccc(F)c1;[1CH3]c1cc(Br)ccc1OCc1cccc(F)c1;mono;std;13;CC(C)(C)OC(=O)[1N](CCS(C)(=O)=O)Cc1ccc(-c2ccc3ncnc(Nc4ccc(OCc5cccc(F)c5)c(Cl)c4)c3c2)o1;1;_NO_PROBLEM_;
CN1C(C)(C)C(=O)OB(c2ccc(COC(=O)Nc3ccc(Br)c([1CH3])c3)cc2)OC(=O)C1(C)C;[1CH3]c1cc(N)ccc1Br;di;extNF;6;CC(C)(C)OC(=O)[1N](CCS(C)(=O)=O)Cc1ccc(-c2ccc3ncnc(Nc4ccc(OCc5cccc(F)c5)c(Cl)c4)c3c2)o1.Neratinib;2;_NO_PROBLEM_;
CN1C(C)(C)C(=O)OB(c2ccc(COC(=O)Nc3ncnc4ccc(Br)cc34)cc2)OC(=O)C1(C)C;Nc1ncnc2ccc(Br)cc12;di;ext.std;8;CC(C)(C)OC(=O)[1N](CCS(C)(=O)=O)Cc1ccc(-c2ccc3ncnc(Nc4ccc(OCc5cccc(F)c5)c(Cl)c4)c3c2)o1;1;_NO_PROBLEM_;
CN1C(C)(C)C(=O)OB(c2ccc3ncnc(Br)c3c2)OC(=O)C1(C)C;OB(O)c1ccc2ncnc(Br)c2c1;di;ext.std;8;CC(C)(C)OC(=O)[1N](CCS(C)(=O)=O)Cc1ccc(-c2ccc3ncnc(Nc4ccc(OCc5cccc(F)c5)c(Cl)c4)c3c2)o1;1;_NO_PROBLEM_;
CN1C(C)(C)C(=O)OB(c2ncnc3ccc(Br)cc23)OC(=O)C1(C)C;OB(O)c1ncnc2ccc(Br)cc12;di;ext.std;8;CC(C)(C)OC(=O)[1N](CCS(C)(=O)=O)Cc1ccc(-c2ccc3ncnc(Nc4ccc(OCc5cccc(F)c5)c(Cl)c4)c3c2)o1;1;_NO_PROBLEM_;
Brc1ccccc1;Brc1ccccc1;mono;ext.std;6;C=CC(=O)N1CCC([C@@H]2CC[1N](C(=O)OC(C)(C)C)c3c(C(N)=O)c(-c4ccc(Oc5ccccc5)cc4)nn32)CC1.C=CC(=O)N1CCC[C@@H](n2nc(-c3ccc(Oc4ccccc4)cc3)c3c([1NH]C(=O)OC(C)(C)C)ncnc32)C1;2;_NO_PROBLEM_;
CN1C(C)(C)C(=O)OB(c2ccccc2)OC(=O)C1(C)C;OB(O)c1ccccc1;mono;ext.std;6;C=CC(=O)N1CCC([C@@H]2CC[1N](C(=O)OC(C)(C)C)c3c(C(N)=O)c(-c4ccc(Oc5ccccc5)cc4)nn32)CC1.C=CC(=O)N1CCC[C@@H](n2nc(-c3ccc(Oc4ccccc4)cc3)c3c([1NH]C(=O)OC(C)(C)C)ncnc32)C1;2;_NO_PROBLEM_;
Oc1ccccc1;Oc1ccccc1;mono;ext.std;6;C=CC(=O)N1CCC([C@@H]2CC[1N](C(=O)OC(C)(C)C)c3c(C(N)=O)c(-c4ccc(Oc5ccccc5)cc4)nn32)CC1.C=CC(=O)N1CCC[C@@H](n2nc(-c3ccc(Oc4ccccc4)cc3)c3c([1NH]C(=O)OC(C)(C)C)ncnc32)C1;2;_NO_PROBLEM_;
CN1C(C)(C)C(=O)OB(c2ccc(Br)cc2)OC(=O)C1(C)C;OB(O)c1ccc(Br)cc1;di;ext.std;6;C=CC(=O)N1CCC([C@@H]2CC[1N](C(=O)OC(C)(C)C)c3c(C(N)=O)c(-c4ccc(Oc5ccccc5)cc4)nn32)CC1.Tirbanibulin.C=CC(=O)N1CCC[C@@H](n2nc(-c3ccc(Oc4ccccc4)cc3)c3c([1NH]C(=O)OC(C)(C)C)ncnc32)C1;3;_NO_PROBLEM_;
CN1C(C)(C)C(=O)OB(c2ccc(COC(=O)N3CCC[C@@H](n4nc(Br)c5c([1NH]C(=O)OC(C)(C)C)ncnc54)C3)cc2)OC(=O)C1(C)C;CC(C)(C)OC(=O)[1NH]c1ncnc2c1c(Br)nn2[C@@H]1CCCNC1;di;ext.std;10;C=CC(=O)N1CCC[C@@H](n2nc(-c3ccc(Oc4ccccc4)cc3)c3c([1NH]C(=O)OC(C)(C)C)ncnc32)C1;1;_NO_PROBLEM_;
CN(Cc1nn(C)c(C#N)c1Br)C(=O)OCc1ccc(B2OC(=O)C(C)(C)N(C)C(C)(C)C(=O)O2)cc1;CNCc1nn(C)c(C#N)c1Br;di;ext.std;7;C[C@H]1Oc2cc(cnc2[1NH]C(=O)OC(C)(C)C)-c2c(nn(C)c2C#N)CN(C)C(=O)c2ccc(F)cc21;1;_NO_PROBLEM_;
C[C@@H](Oc1cc(B2OC(=O)C(C)(C)N(C)C(C)(C)C(=O)O2)cnc1[1NH]C(=O)OC(C)(C)C)c1cc(F)ccc1C(=O)O;C[C@@H](Oc1cc(B(O)O)cnc1[1NH]C(=O)OC(C)(C)C)c1cc(F)ccc1C(=O)O;di;std;14;C[C@H]1Oc2cc(cnc2[1NH]C(=O)OC(C)(C)C)-c2c(nn(C)c2C#N)CN(C)C(=O)c2ccc(F)cc21;1;_NO_PROBLEM_;
CC(C)(C)OC(=O)[1NH]C[C@@H](C(=O)O)c1ccc(CO)cc1;CC(C)(C)OC(=O)[1NH]C[C@@H](C(=O)O)c1ccc(CO)cc1;mono;extNF;10;Cc1ccc(C(=O)OCc2ccc([C@@H](C[1NH]C(=O)OC(C)(C)C)C(=O)Nc3ccc4cnccc4c3)cc2)c(C)c1;1;_NO_PROBLEM_;
CN1C(C)(C)C(=O)OB(c2ccc(CO)cc2)OC(=O)C1(C)C;OCc1ccc(B(O)O)cc1;mono;extNF;7;Cc1ccc(C(=O)OCc2ccc([C@@H](C[1NH]C(=O)OC(C)(C)C)C(=O)Nc3ccc4cnccc4c3)cc2)c(C)c1;1;_NO_PROBLEM_;
CN1C(C)(C)C(=O)OB(c2ccc(COC(=O)Nc3ccc4cnccc4c3)cc2)OC(=O)C1(C)C;Nc1ccc2cnccc2c1;mono;ext.std;9;Cc1ccc(C(=O)OCc2ccc([C@@H](C[1NH]C(=O)OC(C)(C)C)C(=O)Nc3ccc4cnccc4c3)cc2)c(C)c1;1;_NO_PROBLEM_;
Cc1ccc(C(=O)NCc2ccc(B3OC(=O)C(C)(C)N(C)C(C)(C)C(=O)O3)cc2)c(C)c1;Cc1ccc(C(=O)NCc2ccc(B(O)O)cc2)c(C)c1;mono;extNF;16;Cc1ccc(C(=O)OCc2ccc([C@@H](C[1NH]C(=O)OC(C)(C)C)C(=O)Nc3ccc4cnccc4c3)cc2)c(C)c1;1;_NO_PROBLEM_;
Cc1ccc(C(=O)O)c(C)c1;Cc1ccc(C(=O)O)c(C)c1;mono;extNF;9;Cc1ccc(C(=O)OCc2ccc([C@@H](C[1NH]C(=O)OC(C)(C)C)C(=O)Nc3ccc4cnccc4c3)cc2)c(C)c1;1;_NO_PROBLEM_;
Cc1ccc(C(=O)OCc2ccc(Br)cc2)c(C)c1;Cc1ccc(C(=O)OCc2ccc(Br)cc2)c(C)c1;mono;extNF;16;Cc1ccc(C(=O)OCc2ccc([C@@H](C[1NH]C(=O)OC(C)(C)C)C(=O)Nc3ccc4cnccc4c3)cc2)c(C)c1;1;_NO_PROBLEM_;
Cc1ccc(C(=O)OCc2ccc([C@@H](C[1NH]C(=O)OC(C)(C)C)C(=O)O)cc2)c(C)c1;Cc1ccc(C(=O)OCc2ccc([C@@H](C[1NH]C(=O)OC(C)(C)C)C(=O)O)cc2)c(C)c1;mono;std;19;Cc1ccc(C(=O)OCc2ccc([C@@H](C[1NH]C(=O)OC(C)(C)C)C(=O)Nc3ccc4cnccc4c3)cc2)c(C)c1;1;_NO_PROBLEM_;
OCc1ccc(Br)cc1;OCc1ccc(Br)cc1;mono;extNF;7;Cc1ccc(C(=O)OCc2ccc([C@@H](C[1NH]C(=O)OC(C)(C)C)C(=O)Nc3ccc4cnccc4c3)cc2)c(C)c1;1;_NO_PROBLEM_;
Brc1cccnc1;Brc1cccnc1;mono;ext.std;5;Imatinib.Nilotinib;2;_NO_PROBLEM_;
CN1C(C)(C)C(=O)OB(c2cccnc2)OC(=O)C1(C)C;OB(O)c1cccnc1;mono;ext.std;5;Imatinib.Nilotinib;2;_NO_PROBLEM_;
CN1CCN(Cc2ccc(C(=O)O)cc2)CC1;CN1CCN(Cc2ccc(C(=O)O)cc2)CC1;mono;ext.std;13;Imatinib;1;_NO_PROBLEM_;
CN1C(C)(C)C(=O)OB(c2ccc(COC(=O)Nc3nccc(Br)n3)cc2)OC(=O)C1(C)C;Nc1nccc(Br)n1;di;ext.std;4;Pacritinib.Pazopanib.Momelotinib.Imatinib.Nilotinib.Osimertinib;6;_NO_PROBLEM_;
Cc1ccc(NC(=O)OCc2ccc(B3OC(=O)C(C)(C)N(C)C(C)(C)C(=O)O3)cc2)cc1Br;Cc1ccc(N)cc1Br;di;ext.std;7;Imatinib;1;_NO_PROBLEM_;
CN1CCN(CC(=O)O)CC1;CN1CCN(CC(=O)O)CC1;mono;ext.std;7;Nintedanib;1;_NO_PROBLEM_;
CN1C(C)(C)C(=O)OB(c2ccc(COC(=O)Nc3ccc(OCc4ccccn4)c([1CH3])c3)cc2)OC(=O)C1(C)C;[1CH3]c1cc(N)ccc1OCc1ccccn1;mono;std;12;Neratinib;1;_NO_PROBLEM_;
CN1C(C)(C)C(=O)OB(c2ccc(OCc3ccccn3)c([1CH3])c2)OC(=O)C1(C)C;[1CH3]c1cc(B(O)O)ccc1OCc1ccccn1;mono;std;12;Neratinib;1;_NO_PROBLEM_;
[1CH3]c1cc(Br)ccc1OCc1ccccn1;[1CH3]c1cc(Br)ccc1OCc1ccccn1;mono;std;12;Neratinib;1;_NO_PROBLEM_;
CCOc1cc2ncc(C#N)c(Br)c2cc1NC(=O)OCc1ccc(B2OC(=O)C(C)(C)N(C)C(C)(C)C(=O)O2)cc1;CCOc1cc2ncc(C#N)c(Br)c2cc1N;di;ext.std;12;Neratinib;1;_NO_PROBLEM_;
Cc1ccc(B2OC(=O)C(C)(C)N(C)C(C)(C)C(=O)O2)cc1S(N)(=O)=O;Cc1ccc(B(O)O)cc1S(N)(=O)=O;mono;ext.std;7;Pazopanib;1;[#6][S](=O)(=O)[NX3H2];nH_coupling__OR__MIDDLE
Cc1ccc(Br)cc1S(N)(=O)=O;Cc1ccc(Br)cc1S(N)(=O)=O;mono;ext.std;7;Pazopanib;1;[#6,#7,S][NH2].[#6,#7,S][NH2].[#6][S](=O)(=O)[NX3H2];Pd-coupling_of_aromatic_bromide_with_phenol__OR__nH_coupling.Pd-coupling_of_aromatic_bromide_with_phenol__OR__nH_coupling.nH_coupling__OR__MIDDLE
Cc1ccc(NC(=O)OCc2ccc(B3OC(=O)C(C)(C)N(C)C(C)(C)C(=O)O3)cc2)cc1S(N)(=O)=O;Cc1ccc(N)cc1S(N)(=O)=O;mono;ext.std;7;Pazopanib;1;[#6][S](=O)(=O)[NX3H2];nH_coupling__OR__MIDDLE
Cc1c2ccc(B3OC(=O)C(C)(C)N(C)C(C)(C)C(=O)O3)cc2nn1C;Cc1c2ccc(B(O)O)cc2nn1C;mono;extNF;9;Pazopanib;1;_NO_PROBLEM_;
Cc1c2ccc(Br)cc2nn1C;Cc1c2ccc(Br)cc2nn1C;mono;extNF;9;Pazopanib;1;_NO_PROBLEM_;
Cc1c2ccc(N(C)c3ccnc(Br)n3)cc2nn1C;Cc1c2ccc(N(C)c3ccnc(Br)n3)cc2nn1C;mono;std;14;Pazopanib;1;_NO_PROBLEM_;
Cc1c2ccc(N(C)c3ccnc(NC(=O)OCc4ccc(B5OC(=O)C(C)(C)N(C)C(C)(C)C(=O)O5)cc4)n3)cc2nn1C;Cc1c2ccc(N(C)c3ccnc(N)n3)cc2nn1C;mono;std;14;Pazopanib;1;_NO_PROBLEM_;
CC(=O)c1c(C)c2cnc(Br)nc2n(C2CCCC2)c1=O;CC(=O)c1c(C)c2cnc(Br)nc2n(C2CCCC2)c1=O;mono;ext.std;15;CC(=O)c1c(C)c2cnc(Nc3ccc(N4CC[1N](C(=O)OC(C)(C)C)CC4)cn3)nc2n(C2CCCC2)c1=O;1;_NO_PROBLEM_;
CC(=O)c1c(C)c2cnc(NC(=O)OCc3ccc(B4OC(=O)C(C)(C)N(C)C(C)(C)C(=O)O4)cc3)nc2n(C2CCCC2)c1=O;CC(=O)c1c(C)c2cnc(N)nc2n(C2CCCC2)c1=O;mono;ext.std;15;CC(=O)c1c(C)c2cnc(Nc3ccc(N4CC[1N](C(=O)OC(C)(C)C)CC4)cn3)nc2n(C2CCCC2)c1=O;1;_NO_PROBLEM_;
CN1C(C)(C)C(=O)OB(c2ccc(COC(=O)N3CC[1N](C(=O)OC(C)(C)C)CC3)cc2)OC(=O)C1(C)C;CC(C)(C)OC(=O)[1N]1CCNCC1;mono;ext.std;4;CN(C)C(=O)c1cc2cnc(Nc3ccc(N4CC[1N](C(=O)OC(C)(C)C)CC4)cn3)nc2n1C1CCCC1.CC(=O)c1c(C)c2cnc(Nc3ccc(N4CC[1N](C(=O)OC(C)(C)C)CC4)cn3)nc2n(C2CCCC2)c1=O;2;_NO_PROBLEM_;
CN1C(C)(C)C(=O)OB(c2ccc(COC(=O)Nc3ccc(Br)cn3)cc2)OC(=O)C1(C)C;Nc1ccc(Br)cn1;di;ext.std;5;Trilaciclib.CN(C)C(=O)c1cc2cnc(Nc3ccc(N4CC[1N](C(=O)OC(C)(C)C)CC4)cn3)nc2n1C1CCCC1.CC(=O)c1c(C)c2cnc(Nc3ccc(N4CC[1N](C(=O)OC(C)(C)C)CC4)cn3)nc2n(C2CCCC2)c1=O;3;_NO_PROBLEM_;
CC(C)(C)OC(=O)[1n]1cc(Br)c2cc([1CH3])cnc21;CC(C)(C)OC(=O)[1n]1cc(Br)c2cc([1CH3])cnc21;mono;extNF;7;CC(C)(C)OC(=O)[1n]1cc(Cc2ccc(NCc3ccc(C(F)(F)F)nc3)nc2)c2cc(Cl)cnc21;1;_NO_PROBLEM_;
CC(C)(C)OC(=O)[1n]1cc(Cc2ccc(Br)nc2)c2cc([1CH3])cnc21;CC(C)(C)OC(=O)[1n]1cc(Cc2ccc(Br)nc2)c2cc([1CH3])cnc21;mono;std;13;CC(C)(C)OC(=O)[1n]1cc(Cc2ccc(NCc3ccc(C(F)(F)F)nc3)nc2)c2cc(Cl)cnc21;1;_NO_PROBLEM_;
CN1C(C)(C)C(=O)OB(c2c[1n](C(=O)OC(C)(C)C)c3ncc([1CH3])cc23)OC(=O)C1(C)C;CC(C)(C)OC(=O)[1n]1cc(B(O)O)c2cc([1CH3])cnc21;mono;extNF;7;CC(C)(C)OC(=O)[1n]1cc(Cc2ccc(NCc3ccc(C(F)(F)F)nc3)nc2)c2cc(Cl)cnc21;1;_NO_PROBLEM_;
CN1C(C)(C)C(=O)OB(c2ccc(COC(=O)NCc3ccc(C(F)(F)F)nc3)cc2)OC(=O)C1(C)C;NCc1ccc(C(F)(F)F)nc1;mono;ext.std;7;CC(C)(C)OC(=O)[1n]1cc(Cc2ccc(NCc3ccc(C(F)(F)F)nc3)nc2)c2cc(Cl)cnc21;1;_NO_PROBLEM_;
CN1C(C)(C)C(=O)OB(c2ccc(Cc3c[1n](C(=O)OC(C)(C)C)c4ncc([1CH3])cc34)cn2)OC(=O)C1(C)C;CC(C)(C)OC(=O)[1n]1cc(Cc2ccc(B(O)O)nc2)c2cc([1CH3])cnc21;mono;std;13;CC(C)(C)OC(=O)[1n]1cc(Cc2ccc(NCc3ccc(C(F)(F)F)nc3)nc2)c2cc(Cl)cnc21;1;_NO_PROBLEM_;
CN1C(C)(C)C(=O)OB(c2ccc(Br)cn2)OC(=O)C1(C)C;OB(O)c1ccc(Br)cn1;di;extNF;5;Tirbanibulin.Selpercatinib.CC(C)(C)OC(=O)[1n]1cc(Cc2ccc(NCc3ccc(C(F)(F)F)nc3)nc2)c2cc(Cl)cnc21;3;_NO_PROBLEM_;
CN1C(C)(C)C(=O)OB(c2ccc(Br)nc2)OC(=O)C1(C)C;OB(O)c1ccc(Br)nc1;di;extNF;5;Tirbanibulin.Selpercatinib.CC(C)(C)OC(=O)[1n]1cc(Cc2ccc(NCc3ccc(C(F)(F)F)nc3)nc2)c2cc(Cl)cnc21;3;_NO_PROBLEM_;
Brc1cnc2cccnn12;Brc1cnc2cccnn12;mono;extNF;6;Ponatinib;1;_NO_PROBLEM_;
CN1C(C)(C)C(=O)OB(c2cnc3cccnn23)OC(=O)C1(C)C;OB(O)c1cnc2cccnn12;mono;extNF;6;Ponatinib;1;_NO_PROBLEM_;
CN1CCN(Cc2ccc(NC(=O)OCc3ccc(B4OC(=O)C(C)(C)N(C)C(C)(C)C(=O)O4)cc3)cc2C(F)(F)F)CC1;CN1CCN(Cc2ccc(N)cc2C(F)(F)F)CC1;mono;ext.std;13;Ponatinib;1;_NO_PROBLEM_;
Cc1ccc(C(=O)O)cc1C#Cc1cnc2cccnn12;Cc1ccc(C(=O)O)cc1C#Cc1cnc2cccnn12;mono;std;16;Ponatinib;1;_NO_PROBLEM_;
COc1ccc(F)cc1C(=O)O;COc1ccc(F)cc1C(=O)O;mono;ext.std;8;COc1ccc(F)cc1C(=O)NCc1ccc(-c2nn([C@@H](C)C(F)(F)F)c([1NH]C(=O)OC(C)(C)C)c2C(N)=O)cc1;1;_NO_PROBLEM_;
C[C@H](n1nc(B2OC(=O)C(C)(C)N(C)C(C)(C)C(=O)O2)c(-c2ncco2)c1[1NH]C(=O)OC(C)(C)C)C(F)(F)F;C[C@H](n1nc(B(O)O)c(-c2ncco2)c1[1NH]C(=O)OC(C)(C)C)C(F)(F)F;mono;ext.std;9;COc1ccc(F)cc1C(=O)NCc1ccc(-c2nn([C@@H](C)C(F)(F)F)c([1NH]C(=O)OC(C)(C)C)c2C(N)=O)cc1;1;_NO_PROBLEM_;
C[C@H](n1nc(Br)c(-c2ncco2)c1[1NH]C(=O)OC(C)(C)C)C(F)(F)F;C[C@H](n1nc(Br)c(-c2ncco2)c1[1NH]C(=O)OC(C)(C)C)C(F)(F)F;mono;;9;;0;_NO_PROBLEM_;
CN1C(C)(C)C(=O)OB(c2ccc(COC(=O)NCc3ccc(Br)cc3)cc2)OC(=O)C1(C)C;NCc1ccc(Br)cc1;di;ext.std;7;COc1ccc(F)cc1C(=O)NCc1ccc(-c2nn([C@@H](C)C(F)(F)F)c([1NH]C(=O)OC(C)(C)C)c2C(N)=O)cc1;1;_NO_PROBLEM_;
CN1C(C)(C)C(=O)OB(c2ccc(COC(=O)Nc3ccc([1CH3])c(C(F)(F)F)c3)cc2)OC(=O)C1(C)C;[1CH3]c1ccc(N)cc1C(F)(F)F;mono;ext.std;7;Regorafenib.Sorafenib;2;_NO_PROBLEM_;
CNC(=O)c1cc(B2OC(=O)C(C)(C)N(C)C(C)(C)C(=O)O2)ccn1;CNC(=O)c1cc(B(O)O)ccn1;mono;ext.std;7;Regorafenib.Sorafenib;2;_NO_PROBLEM_;
CNC(=O)c1cc(Br)ccn1;CNC(=O)c1cc(Br)ccn1;mono;ext.std;7;Regorafenib.Sorafenib;2;_NO_PROBLEM_;
[1CH3]c1ccc(N=C=O)cc1C(F)(F)F;[1CH3]c1ccc(N=C=O)cc1C(F)(F)F;mono;ext.std;8;Regorafenib.Sorafenib;2;_NO_PROBLEM_;
CN1C(C)(C)C(=O)OB(c2ccc(COC(=O)Nc3ccc(Br)cc3F)cc2)OC(=O)C1(C)C;Nc1ccc(Br)cc1F;di;ext.std;6;Regorafenib;1;_NO_PROBLEM_;
CN1C(C)(C)C(=O)OB(c2ccnc(C(=O)O)c2)OC(=O)C1(C)C;O=C(O)c1cc(B(O)O)ccn1;di;ext.std;6;Regorafenib.Sorafenib;2;_NO_PROBLEM_;
Brc1cn2c(n1)sc1cc(OCCN3CCOCC3)ccc12;Brc1cn2c(n1)sc1cc(OCCN3CCOCC3)ccc12;mono;std;15;Quizartinib;1;_NO_PROBLEM_;
CC(C)(C)c1cc(N=C=O)no1;CC(C)(C)c1cc(N=C=O)no1;mono;ext.std;8;Quizartinib;1;_NO_PROBLEM_;
CN1C(C)(C)C(=O)OB(c2ccc(COC(=O)Nc3cc(C(C)(C)C)on3)cc2)OC(=O)C1(C)C;CC(C)(C)c1cc(N)no1;mono;ext.std;7;Quizartinib;1;_NO_PROBLEM_;
CN1C(C)(C)C(=O)OB(c2cn3c(n2)sc2cc(OCCN4CCOCC4)ccc23)OC(=O)C1(C)C;OB(O)c1cn2c(n1)sc1cc(OCCN3CCOCC3)ccc12;mono;std;15;Quizartinib;1;_NO_PROBLEM_;
CN1C(C)(C)C(=O)OB(c2ccc3c(c2)sc2nc(Br)cn23)OC(=O)C1(C)C;OB(O)c1ccc2c(c1)sc1nc(Br)cn12;di;extNF;9;Quizartinib;1;_NO_PROBLEM_;
CN1C(C)(C)C(=O)OB(c2cn3c(n2)sc2cc(Br)ccc23)OC(=O)C1(C)C;OB(O)c1cn2c(n1)sc1cc(Br)ccc12;di;extNF;9;Quizartinib;1;_NO_PROBLEM_;
CO[C@@H](C[C@@H]1CC[C@@H](C)[C@](O)(C(=O)C(=O)O)O1)/C(C)=C/B1OC(=O)C(C)(C)N(C)C(C)(C)C(=O)O1;CO[C@@H](C[C@@H]1CC[C@@H](C)[C@](O)(C(=O)C(=O)O)O1)/C(C)=C/B(O)O;di;ext.std;14;Temsirolimus.Sirolimus.Everolimus;3;[CX3]=[CX3].[OH][CX4][OH0];N-Cbz-BTIDA_deprotection__OR__MIDDLE.Suzuki__OR__MIDDLE
CO[C@@H](C[C@@H]1CC[C@@H](C)[C@](O)(C(=O)C(=O)O)O1)/C(C)=C/C=C/B1OC(=O)C(C)(C)N(C)C(C)(C)C(=O)O1;CO[C@@H](C[C@@H]1CC[C@@H](C)[C@](O)(C(=O)C(=O)O)O1)/C(C)=C/C=C/B(O)O;di;ext.std;16;Temsirolimus.Sirolimus.Everolimus;3;[CX3]=[CX3].[OH][CX4][OH0];N-Cbz-BTIDA_deprotection__OR__MIDDLE.Suzuki__OR__MIDDLE
CO[C@@H](C[C@@H]1CC[C@@H](C)[C@](O)(C(=O)C(=O)O)O1)/C(C)=C/C=C\B1OC(=O)C(C)(C)N(C)C(C)(C)C(=O)O1;CO[C@@H](C[C@@H]1CC[C@@H](C)[C@](O)(C(=O)C(=O)O)O1)/C(C)=C/C=C\B(O)O;di;ext.std;16;Temsirolimus.Sirolimus.Everolimus;3;[CX3]=[CX3].[OH][CX4][OH0];N-Cbz-BTIDA_deprotection__OR__MIDDLE.Suzuki__OR__MIDDLE
CN1C(C)(C)C(=O)OB(c2ccc(COC(=O)N3CCCC[C@H]3C(=O)O)cc2)OC(=O)C1(C)C;O=C(O)[C@@H]1CCCCN1;di;extNF;6;Temsirolimus.Sirolimus.Everolimus;3;_NO_PROBLEM_;
CN(C)C(=O)c1cc2cnc(Br)nc2n1C1CCCC1;CN(C)C(=O)c1cc2cnc(Br)nc2n1C1CCCC1;mono;ext.std;14;CN(C)C(=O)c1cc2cnc(Nc3ccc(N4CC[1N](C(=O)OC(C)(C)C)CC4)cn3)nc2n1C1CCCC1;1;_NO_PROBLEM_;
CN(C)C(=O)c1cc2cnc(NC(=O)OCc3ccc(B4OC(=O)C(C)(C)N(C)C(C)(C)C(=O)O4)cc3)nc2n1C1CCCC1;CN(C)C(=O)c1cc2cnc(N)nc2n1C1CCCC1;mono;ext.std;14;CN(C)C(=O)c1cc2cnc(Nc3ccc(N4CC[1N](C(=O)OC(C)(C)C)CC4)cn3)nc2n1C1CCCC1;1;_NO_PROBLEM_;
Fc1cn[nH]c1;Fc1cn[nH]c1;mono;ext.std;3;CO[C@]1(C(=O)N[C@@H](C)c2ccc(-n3cc(F)cn3)nc2)CC[C@H](c2nc(C)cc(Nc3cc(C)[1n](C(=O)OC(C)(C)C)n3)n2)CC1;1;[nH].[nH];Buchwald__OR__Pd-coupling_of_aromatic_bromide_with_phenol__OR__nH_coupling__OR__MIDDLE.Buchwald__OR__Pd-coupling_of_aromatic_bromide_with_phenol__OR__nH_coupling__OR__MIDDLE
Cc1cc(B2OC(=O)C(C)(C)N(C)C(C)(C)C(=O)O2)n[1n]1C(=O)OC(C)(C)C;Cc1cc(B(O)O)n[1n]1C(=O)OC(C)(C)C;mono;ext.std;4;CO[C@]1(C(=O)N[C@@H](C)c2ccc(-n3cc(F)cn3)nc2)CC[C@H](c2nc(C)cc(Nc3cc(C)[1n](C(=O)OC(C)(C)C)n3)n2)CC1;1;_NO_PROBLEM_;
Cc1cc(Br)n[1n]1C(=O)OC(C)(C)C;Cc1cc(Br)n[1n]1C(=O)OC(C)(C)C;mono;ext.std;4;CO[C@]1(C(=O)N[C@@H](C)c2ccc(-n3cc(F)cn3)nc2)CC[C@H](c2nc(C)cc(Nc3cc(C)[1n](C(=O)OC(C)(C)C)n3)n2)CC1;1;_NO_PROBLEM_;
Cc1cc(NC(=O)OCc2ccc(B3OC(=O)C(C)(C)N(C)C(C)(C)C(=O)O3)cc2)n[1n]1C(=O)OC(C)(C)C;Cc1cc(N)n[1n]1C(=O)OC(C)(C)C;mono;ext.std;4;CO[C@]1(C(=O)N[C@@H](C)c2ccc(-n3cc(F)cn3)nc2)CC[C@H](c2nc(C)cc(Nc3cc(C)[1n](C(=O)OC(C)(C)C)n3)n2)CC1;1;_NO_PROBLEM_;
CO[C@]1(C(=O)O)CC[C@H](c2nc(C)cc(NC(=O)OCc3ccc(B4OC(=O)C(C)(C)N(C)C(C)(C)C(=O)O4)cc3)n2)CC1;CO[C@]1(C(=O)O)CC[C@H](c2nc(C)cc(N)n2)CC1;di;std;13;CO[C@]1(C(=O)N[C@@H](C)c2ccc(-n3cc(F)cn3)nc2)CC[C@H](c2nc(C)cc(Nc3cc(C)[1n](C(=O)OC(C)(C)C)n3)n2)CC1;1;_NO_PROBLEM_;
C[C@H](NC(=O)OCc1ccc(B2OC(=O)C(C)(C)N(C)C(C)(C)C(=O)O2)cc1)c1ccc(Br)nc1;C[C@H](N)c1ccc(Br)nc1;di;ext.std;7;CO[C@]1(C(=O)N[C@@H](C)c2ccc(-n3cc(F)cn3)nc2)CC[C@H](c2nc(C)cc(Nc3cc(C)[1n](C(=O)OC(C)(C)C)n3)n2)CC1;1;_NO_PROBLEM_;
Cc1cc(NC(=O)OCc2ccc(B3OC(=O)C(C)(C)N(C)C(C)(C)C(=O)O3)cc2)nc(Br)n1;Cc1cc(N)nc(Br)n1;di;extNF;5;CO[C@]1(C(=O)N[C@@H](C)c2ccc(-n3cc(F)cn3)nc2)CC[C@H](c2nc(C)cc(Nc3cc(C)[1n](C(=O)OC(C)(C)C)n3)n2)CC1;1;_NO_PROBLEM_;
CN1C(C)(C)C(=O)OB(c2cnn([C@H](CC#N)C3CCCC3)c2)OC(=O)C1(C)C;N#CC[C@H](C1CCCC1)n1cc(B(O)O)cn1;mono;ext.std;11;CC(C)(C)OC(=O)[1n]1ccc2c(-c3cnn([C@H](CC#N)C4CCCC4)c3)ncnc21;1;_NO_PROBLEM_;
N#CC[C@H](C1CCCC1)n1cc(Br)cn1;N#CC[C@H](C1CCCC1)n1cc(Br)cn1;mono;ext.std;11;CC(C)(C)OC(=O)[1n]1ccc2c(-c3cnn([C@H](CC#N)C4CCCC4)c3)ncnc21;1;_NO_PROBLEM_;
Cc1c[nH]cn1;Cc1c[nH]cn1;mono;ext.std;4;Nilotinib;1;[nH].[nH];Buchwald__OR__Pd-coupling_of_aromatic_bromide_with_phenol__OR__nH_coupling__OR__MIDDLE.Buchwald__OR__Pd-coupling_of_aromatic_bromide_with_phenol__OR__nH_coupling__OR__MIDDLE
CN1C(C)(C)C(=O)OB(c2ccc(COC(=O)Nc3cc(Br)cc(C(F)(F)F)c3)cc2)OC(=O)C1(C)C;Nc1cc(Br)cc(C(F)(F)F)c1;di;ext.std;7;Nilotinib;1;_NO_PROBLEM_;
Cc1ccc(C(=O)O)cc1NC(=O)OCc1ccc(B2OC(=O)C(C)(C)N(C)C(C)(C)C(=O)O2)cc1;Cc1ccc(C(=O)O)cc1N;di;ext.std;8;Nilotinib;1;_NO_PROBLEM_;
CN(C)CCN(C)C(=O)OCc1ccc(B2OC(=O)C(C)(C)N(C)C(C)(C)C(=O)O2)cc1;CNCCN(C)C;mono;ext.std;5;Mobocertinib.Osimertinib;2;_NO_PROBLEM_;
CN1C(C)(C)C(=O)OB(c2cn(C)c3ccccc23)OC(=O)C1(C)C;Cn1cc(B(O)O)c2ccccc21;mono;ext.std;9;Mobocertinib.Osimertinib;2;_NO_PROBLEM_;
Cn1cc(Br)c2ccccc21;Cn1cc(Br)c2ccccc21;mono;ext.std;9;Mobocertinib.Osimertinib;2;_NO_PROBLEM_;
CC(C)NC(=O)c1cnc(Br)nc1B1OC(=O)C(C)(C)N(C)C(C)(C)C(=O)O1;CC(C)NC(=O)c1cnc(Br)nc1B(O)O;di;ext.std;8;Mobocertinib;1;_NO_PROBLEM_;
CC(C)NC(=O)c1cnc(NC(=O)OCc2ccc(B3OC(=O)C(C)(C)N(C)C(C)(C)C(=O)O3)cc2)nc1Br;CC(C)NC(=O)c1cnc(N)nc1Br;di;ext.std;8;Mobocertinib;1;_NO_PROBLEM_;
CCn1c(=O)c(B2OC(=O)C(C)(C)N(C)C(C)(C)C(=O)O2)cc2cnc(N(C)C(=O)OC(C)(C)C)cc21;CCn1c(=O)c(B(O)O)cc2cnc(N(C)C(=O)OC(C)(C)C)cc21;mono;ext.std;11;Ripretinib;1;_NO_PROBLEM_;
CCn1c(=O)c(Br)cc2cnc(N(C)C(=O)OC(C)(C)C)cc21;CCn1c(=O)c(Br)cc2cnc(N(C)C(=O)OC(C)(C)C)cc21;mono;ext.std;11;Ripretinib;1;_NO_PROBLEM_;
CN1C(C)(C)C(=O)OB(c2ccc(COC(=O)Nc3ccccc3)cc2)OC(=O)C1(C)C;Nc1ccccc1;mono;ext.std;6;Ripretinib;1;_NO_PROBLEM_;
O=C=Nc1ccccc1;O=C=Nc1ccccc1;mono;ext.std;7;Ripretinib;1;_NO_PROBLEM_;
CN1C(C)(C)C(=O)OB(c2ccc(COC(=O)Nc3cc(Br)c([4CH3])cc3F)cc2)OC(=O)C1(C)C;[4CH3]c1cc(F)c(N)cc1Br;di;ext.std;6;Ripretinib;1;_NO_PROBLEM_;
CN1C(C)(C)C(=O)OB(c2ccc(COC(=O)Nc3ccc([4CH3])cc3[1CH3])cc2)OC(=O)C1(C)C;[1CH3]c1cc([4CH3])ccc1N;mono;ext.std;6;Selumetinib;1;_NO_PROBLEM_;
CN1C(C)(C)C(=O)OB(c2ccc([4CH3])cc2[1CH3])OC(=O)C1(C)C;[1CH3]c1cc([4CH3])ccc1B(O)O;mono;ext.std;6;Selumetinib;1;_NO_PROBLEM_;
[1CH3]c1cc([4CH3])ccc1Br;[1CH3]c1cc([4CH3])ccc1Br;mono;ext.std;6;Selumetinib;1;_NO_PROBLEM_;
CC(C)(O)COc1cc(Br)c2c(C#N)cnn2c1;CC(C)(O)COc1cc(Br)c2c(C#N)cnn2c1;mono;std;12;Selpercatinib;1;_NO_PROBLEM_;
CN1C(C)(C)C(=O)OB(c2cc(OCC(C)(C)O)cn3ncc(C#N)c23)OC(=O)C1(C)C;CC(C)(O)COc1cc(B(O)O)c2c(C#N)cnn2c1;mono;std;12;Selpercatinib;1;_NO_PROBLEM_;
COc1ccc(CN2C3CC2CN(C(=O)OCc2ccc(B4OC(=O)C(C)(C)N(C)C(C)(C)C(=O)O4)cc2)C3)cn1;COc1ccc(CN2C3CNCC2C3)cn1;mono;ext.std;12;Selpercatinib;1;_NO_PROBLEM_;
CN1C(C)(C)C(=O)OB(c2cc(Br)c3c(C#N)cnn3c2)OC(=O)C1(C)C;N#Cc1cnn2cc(B(O)O)cc(Br)c12;di;extNF;8;Selpercatinib;1;_NO_PROBLEM_;
CN1C(C)(C)C(=O)OB(c2cc(Br)cn3ncc(C#N)c23)OC(=O)C1(C)C;N#Cc1cnn2cc(Br)cc(B(O)O)c12;di;extNF;8;Selpercatinib;1;_NO_PROBLEM_;
N#CCC(=O)O;N#CCC(=O)O;mono;ext.std;3;C[C@@H]1CCN(C(=O)CC#N)C[C@@H]1N(C)c1ncnc2c1cc[1n]2C(=O)OC(C)(C)C;1;_NO_PROBLEM_;
Brc1ccc(OCCN2CCOCC2)cc1;Brc1ccc(OCCN2CCOCC2)cc1;mono;std;12;Tirbanibulin;1;_NO_PROBLEM_;
CN1C(C)(C)C(=O)OB(c2ccc(COC(=O)NCc3ccccc3)cc2)OC(=O)C1(C)C;NCc1ccccc1;mono;ext.std;7;Tirbanibulin;1;_NO_PROBLEM_;
CN1C(C)(C)C(=O)OB(c2ccc(OCCN3CCOCC3)cc2)OC(=O)C1(C)C;OB(O)c1ccc(OCCN2CCOCC2)cc1;mono;std;12;Tirbanibulin;1;_NO_PROBLEM_;
CN1C(C)(C)C(=O)OB(c2ccc(CC(=O)O)nc2)OC(=O)C1(C)C;O=C(O)Cc1ccc(B(O)O)cn1;di;std;7;Tirbanibulin;1;_NO_PROBLEM_;
Cc1cc(N=C=O)no1;Cc1cc(N=C=O)no1;mono;ext.std;5;Tivozanib;1;_NO_PROBLEM_;
Cc1cc(NC(=O)OCc2ccc(B3OC(=O)C(C)(C)N(C)C(C)(C)C(=O)O3)cc2)no1;Cc1cc(N)no1;mono;ext.std;4;Tivozanib;1;_NO_PROBLEM_;
CN1C(C)(C)C(=O)OB(c2cccc(C#N)c2)OC(=O)C1(C)C;N#Cc1cccc(B(O)O)c1;mono;ext.std;7;Tepotinib;1;_NO_PROBLEM_;
CN1CCC(COc2cnc(Br)nc2)CC1;CN1CCC(COc2cnc(Br)nc2)CC1;mono;std;11;Tepotinib;1;_NO_PROBLEM_;
N#Cc1cccc(Br)c1;N#Cc1cccc(Br)c1;mono;ext.std;7;Tepotinib;1;_NO_PROBLEM_;
CN1C(C)(C)C(=O)OB(c2ccc(=O)n(Cc3cccc(Br)c3)n2)OC(=O)C1(C)C;O=c1ccc(B(O)O)nn1Cc1cccc(Br)c1;di;ext.std;11;Tepotinib;1;_NO_PROBLEM_;
CN1C(C)(C)C(=O)OB(c2cccc(Cn3nc(Br)ccc3=O)c2)OC(=O)C1(C)C;O=c1ccc(Br)nn1Cc1cccc(B(O)O)c1;di;ext.std;11;Tepotinib;1;_NO_PROBLEM_;
Cc1ccnc(C(C)C)c1-n1c(=O)nc(B2OC(=O)C(C)(C)N(C)C(C)(C)C(=O)O2)c2cc(F)c(Br)nc21;Cc1ccnc(C(C)C)c1-n1c(=O)nc(B(O)O)c2cc(F)c(Br)nc21;di;ext.std;16;Sotorasib;1;_NO_PROBLEM_;
Cc1ccnc(C(C)C)c1-n1c(=O)nc(Br)c2cc(F)c(B3OC(=O)C(C)(C)N(C)C(C)(C)C(=O)O3)nc21;Cc1ccnc(C(C)C)c1-n1c(=O)nc(Br)c2cc(F)c(B(O)O)nc21;di;ext.std;16;Sotorasib;1;_NO_PROBLEM_;
CC(C)(C)OC(=O)[1n]1ccc2c1ncc1ncc(Br)n12;CC(C)(C)OC(=O)[1n]1ccc2c1ncc1ncc(Br)n12;mono;extNF;8;CC[C@@H]1CN(C(=O)NCC(F)(F)F)C[C@@H]1c1cnc2cnc3c(cc[1n]3C(=O)OC(C)(C)C)n12;1;_NO_PROBLEM_;
CC[C@@H]1CN(C(=O)OCc2ccc(B3OC(=O)C(C)(C)N(C)C(C)(C)C(=O)O3)cc2)C[C@@H]1c1cnc2cnc3c(cc[1n]3C(=O)OC(C)(C)C)n12;CC[C@@H]1CNC[C@@H]1c1cnc2cnc3c(cc[1n]3C(=O)OC(C)(C)C)n12;mono;std;14;CC[C@@H]1CN(C(=O)NCC(F)(F)F)C[C@@H]1c1cnc2cnc3c(cc[1n]3C(=O)OC(C)(C)C)n12;1;_NO_PROBLEM_;
CN1C(C)(C)C(=O)OB(c2cnc3cnc4c(cc[1n]4C(=O)OC(C)(C)C)n23)OC(=O)C1(C)C;CC(C)(C)OC(=O)[1n]1ccc2c1ncc1ncc(B(O)O)n12;mono;extNF;8;CC[C@@H]1CN(C(=O)NCC(F)(F)F)C[C@@H]1c1cnc2cnc3c(cc[1n]3C(=O)OC(C)(C)C)n12;1;_NO_PROBLEM_;
O=C=NCC(F)(F)F;O=C=NCC(F)(F)F;mono;ext.std;3;CC[C@@H]1CN(C(=O)NCC(F)(F)F)C[C@@H]1c1cnc2cnc3c(cc[1n]3C(=O)OC(C)(C)C)n12;1;_NO_PROBLEM_;
CCN(CC)CCNC(=O)OCc1ccc(B2OC(=O)C(C)(C)N(C)C(C)(C)C(=O)O2)cc1;CCN(CC)CCN;mono;ext.std;6;CCN(CC)CCNC(=O)c1c(C)c(/C=C2\C(=O)Nc3ccc(F)cc32)[1n](C(=O)OC(C)(C)C)c1C;1;_NO_PROBLEM_;
O=C1Nc2ccc(F)cc2/C1=C/Br;O=C1Nc2ccc(F)cc2/C1=C/Br;mono;ext.std;9;CCN(CC)CCNC(=O)c1c(C)c(/C=C2\C(=O)Nc3ccc(F)cc32)[1n](C(=O)OC(C)(C)C)c1C;1;_NO_PROBLEM_;
Cc1c(C(=O)O)c(C)[1n](C(=O)OC(C)(C)C)c1B1OC(=O)C(C)(C)N(C)C(C)(C)C(=O)O1;Cc1c(C(=O)O)c(C)[1n](C(=O)OC(C)(C)C)c1B(O)O;di;ext.std;7;CCN(CC)CCNC(=O)c1c(C)c(/C=C2\C(=O)Nc3ccc(F)cc32)[1n](C(=O)OC(C)(C)C)c1C;1;_NO_PROBLEM_;
COc1cc2c(B3OC(=O)C(C)(C)N(C)C(C)(C)C(=O)O3)ncnc2cc1OCC1CCN(C)CC1;COc1cc2c(B(O)O)ncnc2cc1OCC1CCN(C)CC1;mono;std;16;Vandetanib;1;_NO_PROBLEM_;
COc1cc2c(Br)ncnc2cc1OCC1CCN(C)CC1;COc1cc2c(Br)ncnc2cc1OCC1CCN(C)CC1;mono;std;16;Vandetanib;1;_NO_PROBLEM_;
COc1cc2c(NC(=O)OCc3ccc(B4OC(=O)C(C)(C)N(C)C(C)(C)C(=O)O4)cc3)ncnc2cc1OCC1CCN(C)CC1;COc1cc2c(N)ncnc2cc1OCC1CCN(C)CC1;mono;std;16;Vandetanib;1;_NO_PROBLEM_;
COc1cc2c(NC(=O)OCc3ccc(B4OC(=O)C(C)(C)N(C)C(C)(C)C(=O)O4)cc3)ncnc2cc1Br;COc1cc2c(N)ncnc2cc1Br;di;extNF;9;Vandetanib;1;_NO_PROBLEM_;
CN1C(C)(C)C(=O)OB(c2ccc(COC(=O)Nc3ncc4cc5n(c4n3)C3(CCCCC3)CNC5=O)cc2)OC(=O)C1(C)C;Nc1ncc2cc3n(c2n1)C1(CCCCC1)CNC3=O;mono;ext.std;14;Trilaciclib;1;_NO_PROBLEM_;
O=C1NCC2(CCCCC2)n2c1cc1cnc(Br)nc12;O=C1NCC2(CCCCC2)n2c1cc1cnc(Br)nc12;mono;ext.std;14;Trilaciclib;1;_NO_PROBLEM_;
CC(=O)O;CC(=O)O;mono;ext.std;2;Trametinib;1;_NO_PROBLEM_;
Cc1c(=O)n(C)c(Br)c2c(=O)n(C3CC3)c(=O)n(-c3cccc(NC(=O)OCc4ccc(B5OC(=O)C(C)(C)N(C)C(C)(C)C(=O)O5)cc4)c3)c12;Cc1c(=O)n(C)c(Br)c2c(=O)n(C3CC3)c(=O)n(-c3cccc(N)c3)c12;di;ext.std;18;Trametinib;1;_NO_PROBLEM_;
Brc1ccn2ncnc2c1;Brc1ccn2ncnc2c1;mono;ext.std;6;Tucatinib;1;_NO_PROBLEM_;
Brc1ncnc2ccc(Nc3ncco3)cc12;Brc1ncnc2ccc(Nc3ncco3)cc12;mono;;11;;0;_NO_PROBLEM_;
CN1C(C)(C)C(=O)OB(c2ccc(COC(=O)Nc3ncnc4ccc(Nc5ncco5)cc34)cc2)OC(=O)C1(C)C;Nc1ncnc2ccc(Nc3ncco3)cc12;mono;ext.std;11;Tucatinib;1;_NO_PROBLEM_;
CN1C(C)(C)C(=O)OB(c2ccn3ncnc3c2)OC(=O)C1(C)C;OB(O)c1ccn2ncnc2c1;mono;ext.std;6;Tucatinib;1;_NO_PROBLEM_;
CN1C(C)(C)C(=O)OB(c2ncnc3ccc(Nc4ncco4)cc23)OC(=O)C1(C)C;OB(O)c1ncnc2ccc(Nc3ncco3)cc12;mono;ext.std;11;Tucatinib;1;_NO_PROBLEM_;
Cc1cc(NC(=O)OCc2ccc(B3OC(=O)C(C)(C)N(C)C(C)(C)C(=O)O3)cc2)ccc1Br;Cc1cc(N)ccc1Br;di;ext.std;7;Tucatinib;1;_NO_PROBLEM_;
CCCS(=O)(=O)Nc1ccc(F)c(Br)c1F;CCCS(=O)(=O)Nc1ccc(F)c(Br)c1F;mono;extNF;9;CCCS(=O)(=O)Nc1ccc(F)c(C(=O)c2c[1n](C(=O)OC(C)(C)C)c3ncc(-c4ccc(Cl)cc4)cc23)c1F;1;[#6]S(=O)(=O)[NH][CX4,c].[#6]S(=O)(=O)[NH][CX4,c];Pd-coupling_of_aromatic_bromide_with_phenol__OR__nH_coupling.Pd-coupling_of_aromatic_bromide_with_phenol__OR__nH_coupling
CCCS(=O)(=O)Nc1ccc(F)c(C(=O)c2c[1n](C(=O)OC(C)(C)C)c3ncc(Br)cc23)c1F;CCCS(=O)(=O)Nc1ccc(F)c(C(=O)c2c[1n](C(=O)OC(C)(C)C)c3ncc(Br)cc23)c1F;mono;std;17;CCCS(=O)(=O)Nc1ccc(F)c(C(=O)c2c[1n](C(=O)OC(C)(C)C)c3ncc(-c4ccc(Cl)cc4)cc23)c1F;1;[#6]S(=O)(=O)[NH][CX4,c].[#6]S(=O)(=O)[NH][CX4,c];Pd-coupling_of_aromatic_bromide_with_phenol__OR__nH_coupling.Pd-coupling_of_aromatic_bromide_with_phenol__OR__nH_coupling
CCCS(=O)(=O)Nc1ccc(F)c(B2OC(=O)C(C)(C)N(C)C(C)(C)C(=O)O2)c1F;CCCS(=O)(=O)Nc1ccc(F)c(B(O)O)c1F;mono;extNF;9;CCCS(=O)(=O)Nc1ccc(F)c(C(=O)c2c[1n](C(=O)OC(C)(C)C)c3ncc(-c4ccc(Cl)cc4)cc23)c1F;1;_NO_PROBLEM_;
CCCS(=O)(=O)Nc1ccc(F)c(C(=O)c2c[1n](C(=O)OC(C)(C)C)c3ncc(B4OC(=O)C(C)(C)N(C)C(C)(C)C(=O)O4)cc23)c1F;CCCS(=O)(=O)Nc1ccc(F)c(C(=O)c2c[1n](C(=O)OC(C)(C)C)c3ncc(B(O)O)cc23)c1F;mono;std;17;CCCS(=O)(=O)Nc1ccc(F)c(C(=O)c2c[1n](C(=O)OC(C)(C)C)c3ncc(-c4ccc(Cl)cc4)cc23)c1F;1;_NO_PROBLEM_;
CN1C(C)(C)C(=O)OB(c2ccc([1CH3])cc2)OC(=O)C1(C)C;[1CH3]c1ccc(B(O)O)cc1;mono;ext.std;6;CCCS(=O)(=O)Nc1ccc(F)c(C(=O)c2c[1n](C(=O)OC(C)(C)C)c3ncc(-c4ccc(Cl)cc4)cc23)c1F;1;_NO_PROBLEM_;
[1CH3]c1ccc(Br)cc1;[1CH3]c1ccc(Br)cc1;mono;ext.std;6;CCCS(=O)(=O)Nc1ccc(F)c(C(=O)c2c[1n](C(=O)OC(C)(C)C)c3ncc(-c4ccc(Cl)cc4)cc23)c1F;1;_NO_PROBLEM_;
CN1C(C)(C)C(=O)OB(c2c[1n](C(=O)OC(C)(C)C)c3ncc(Br)cc23)OC(=O)C1(C)C;CC(C)(C)OC(=O)[1n]1cc(B(O)O)c2cc(Br)cnc21;di;extNF;7;CCCS(=O)(=O)Nc1ccc(F)c(C(=O)c2c[1n](C(=O)OC(C)(C)C)c3ncc(-c4ccc(Cl)cc4)cc23)c1F;1;_NO_PROBLEM_;
CN1C(C)(C)C(=O)OB(c2ccc(COC(=O)Nc3ccc(F)c(Br)c3F)cc2)OC(=O)C1(C)C;Nc1ccc(F)c(Br)c1F;di;extNF;6;CCCS(=O)(=O)Nc1ccc(F)c(C(=O)c2c[1n](C(=O)OC(C)(C)C)c3ncc(-c4ccc(Cl)cc4)cc23)c1F;1;_NO_PROBLEM_;
CN1C(C)(C)C(=O)OB(c2ccc(COC(=O)Nc3ccc(F)c(C(=O)c4c[1n](C(=O)OC(C)(C)C)c5ncc(Br)cc45)c3F)cc2)OC(=O)C1(C)C;CC(C)(C)OC(=O)[1n]1cc(C(=O)c2c(F)ccc(N)c2F)c2cc(Br)cnc21;di;std;14;CCCS(=O)(=O)Nc1ccc(F)c(C(=O)c2c[1n](C(=O)OC(C)(C)C)c3ncc(-c4ccc(Cl)cc4)cc23)c1F;1;_NO_PROBLEM_;
CN1C(C)(C)C(=O)OB(c2cnc3c(c2)c(Br)c[1n]3C(=O)OC(C)(C)C)OC(=O)C1(C)C;CC(C)(C)OC(=O)[1n]1cc(Br)c2cc(B(O)O)cnc21;di;extNF;7;CCCS(=O)(=O)Nc1ccc(F)c(C(=O)c2c[1n](C(=O)OC(C)(C)C)c3ncc(-c4ccc(Cl)cc4)cc23)c1F;1;_NO_PROBLEM_;
CN1C(C)(C)C(=O)OB(c2ccc(COC(=O)N3CCC([C@@H]4CC[1N](C(=O)OC(C)(C)C)c5c(-c6ncco6)c(Br)nn54)CC3)cc2)OC(=O)C1(C)C;CC(C)(C)OC(=O)[1N]1CC[C@@H](C2CCNCC2)n2nc(Br)c(-c3ncco3)c21;di;ext.std;14;C=CC(=O)N1CCC([C@@H]2CC[1N](C(=O)OC(C)(C)C)c3c(C(N)=O)c(-c4ccc(Oc5ccccc5)cc4)nn32)CC1;1;_NO_PROBLEM_;
CC(C)(C)OC(=O)[1n]1ncc2cc(Br)ccc21;CC(C)(C)OC(=O)[1n]1ncc2cc(Br)ccc21;mono;ext.std;7;CC(C)NC(=O)COc1cccc(-c2nc(Nc3ccc4c(cn[1n]4C(=O)OC(C)(C)C)c3)c3ccccc3n2)c1;1;_NO_PROBLEM_;
CC(C)NC(=O)OCc1ccc(B2OC(=O)C(C)(C)N(C)C(C)(C)C(=O)O2)cc1;CC(C)N;mono;ext.std;3;CC(C)NC(=O)COc1cccc(-c2nc(Nc3ccc4c(cn[1n]4C(=O)OC(C)(C)C)c3)c3ccccc3n2)c1;1;_NO_PROBLEM_;
CN1C(C)(C)C(=O)OB(c2ccc(COC(=O)Nc3ccc4c(cn[1n]4C(=O)OC(C)(C)C)c3)cc2)OC(=O)C1(C)C;CC(C)(C)OC(=O)[1n]1ncc2cc(N)ccc21;mono;ext.std;7;CC(C)NC(=O)COc1cccc(-c2nc(Nc3ccc4c(cn[1n]4C(=O)OC(C)(C)C)c3)c3ccccc3n2)c1;1;_NO_PROBLEM_;
CN1C(C)(C)C(=O)OB(c2ccc3c(cn[1n]3C(=O)OC(C)(C)C)c2)OC(=O)C1(C)C;CC(C)(C)OC(=O)[1n]1ncc2cc(B(O)O)ccc21;mono;ext.std;7;CC(C)NC(=O)COc1cccc(-c2nc(Nc3ccc4c(cn[1n]4C(=O)OC(C)(C)C)c3)c3ccccc3n2)c1;1;_NO_PROBLEM_;
CN1C(C)(C)C(=O)OB(c2ccc(COC(=O)Nc3nc(Br)nc4ccccc34)cc2)OC(=O)C1(C)C;Nc1nc(Br)nc2ccccc12;di;ext.std;8;CC(C)NC(=O)COc1cccc(-c2nc(Nc3ccc4c(cn[1n]4C(=O)OC(C)(C)C)c3)c3ccccc3n2)c1;1;_NO_PROBLEM_;
CN1C(C)(C)C(=O)OB(c2cccc(Br)c2)OC(=O)C1(C)C;OB(O)c1cccc(Br)c1;di;extNF;6;CC(C)NC(=O)COc1cccc(-c2nc(Nc3ccc4c(cn[1n]4C(=O)OC(C)(C)C)c3)c3ccccc3n2)c1;1;_NO_PROBLEM_;
CN1C(C)(C)C(=O)OB(c2cccc(OCC(=O)O)c2)OC(=O)C1(C)C;O=C(O)COc1cccc(B(O)O)c1;di;std;8;CC(C)NC(=O)COc1cccc(-c2nc(Nc3ccc4c(cn[1n]4C(=O)OC(C)(C)C)c3)c3ccccc3n2)c1;1;_NO_PROBLEM_;
CN1C(C)(C)C(=O)OB(c2ccc(COC(=O)N3CCOCC3)cc2)OC(=O)C1(C)C;C1COCCN1;mono;ext.std;4;Momelotinib;1;_NO_PROBLEM_;
CN1C(C)(C)C(=O)OB(c2ccc(COC(=O)NCC#N)cc2)OC(=O)C1(C)C;N#CCN;mono;ext.std;2;Momelotinib;1;_NO_PROBLEM_;
CC(CO)(CO)C(=O)O;CC(CO)(CO)C(=O)O;mono;extNF;5;Temsirolimus;1;_NO_PROBLEM_;
