target;protectedtarget;numGens;monoDeprotected;diProtected;total#ofBuilings;blockAboveLimits
CCCS(=O)(=O)N[C@H]1C[C@@H](N(C)c2ncnc3[1nH]ccc23)C1;CCCS(=O)(=O)N[C@H]1C[C@@H](N(C)c2ncnc3c2cc[1n]3C(=O)OC(C)(C)C)C1;2;CCCS(=O)(=O)N[C@H]1C[C@@H](NC)C1.CC(C)(C)OC(=O)[1n]1ccc2c(B(O)O)ncnc21.CC(C)(C)OC(=O)[1n]1ccc2c(Br)ncnc21;;3;0
CCc1cc2c(cc1N1CCC(N3CCOCC3)CC1)C(C)(C)c1[1nH]c3cc(C#N)ccc3c1C2=O;CCc1cc2c(cc1N1CCC(N3CCOCC3)CC1)C(C)(C)c1c(c3ccc(C#N)cc3[1n]1C(=O)OC(C)(C)C)C2=O;2;C1CC(N2CCOCC2)CCN1;CN1C(C)(C)C(=O)OB(c2c(Br)c3ccc(C#N)cc3[1n]2C(=O)OC(C)(C)C)OC(=O)C1(C)C.CN1C(C)(C)C(=O)OB(c2c(Br)[1n](C(=O)OC(C)(C)C)c3cc(C#N)ccc23)OC(=O)C1(C)C;3;1
N#CC1(c2ccc(NC(=O)c3cccnc3NCc3ccncc3)cc2)CCCC1;N#CC1(c2ccc(NC(=O)c3cccnc3NCc3ccncc3)cc2)CCCC1;3;N#CC1(c2ccc(N)cc2)CCCC1.NCc1ccncc1;CN1C(C)(C)C(=O)OB(c2ccc(COC(=O)Nc3ccc(Br)cc3)cc2)OC(=O)C1(C)C;3;0
Cc1nc(NC(=O)N2CCC[C@H]2C(N)=O)sc1-c1ccnc(C(C)(C)C(F)(F)F)c1;Cc1nc(NC(=O)N2CCC[C@H]2C(N)=O)sc1-c1ccnc(C(C)(C)C(F)(F)F)c1;3;CC(C)(c1cc(Br)ccn1)C(F)(F)F.c1coc([C@@H]2CCCN2)n1.CC(C)(c1cc(B(O)O)ccn1)C(F)(F)F;CN1C(C)(C)C(=O)OB(c2cc(Br)ccn2)OC(=O)C1(C)C.CN1C(C)(C)C(=O)OB(c2ccnc(Br)c2)OC(=O)C1(C)C;5;0
CN(C)C/C=C/C(=O)Nc1cc2c(Nc3ccc(F)c(Cl)c3)ncnc2cc1O[C@H]1CCOC1;CN(C)C/C=C/C(=O)Nc1cc2c(Nc3ccc(F)c(Cl)c3)ncnc2cc1O[C@H]1CCOC1;3;[1CH3]c1cc(B(O)O)ccc1F.[1CH3]c1cc(Br)ccc1F.CN(C)C/C=C/C(=O)O.[1CH3]c1cc(N)ccc1F;CN1C(C)(C)C(=O)OB(c2ccc(COC(=O)Nc3cc4c(Br)ncnc4cc3O[C@H]3CCOC3)cc2)OC(=O)C1(C)C;5;0
CCS(=O)(=O)N1CC(CC#N)(n2cc(-c3ncnc4[1nH]ccc34)cn2)C1;CCS(=O)(=O)N1CC(CC#N)(n2cc(-c3ncnc4c3cc[1n]4C(=O)OC(C)(C)C)cn2)C1;2;CCS(=O)(=O)N1CC(CC#N)(n2cc(B(O)O)cn2)C1.CCS(=O)(=O)N1CC(CC#N)(n2cc(Br)cn2)C1.CC(C)(C)OC(=O)[1n]1ccc2c(Br)ncnc21.CC(C)(C)OC(=O)[1n]1ccc2c(B(O)O)ncnc21;;4;0
CCN1CCN(Cc2ccc(Nc3ncc(F)c(-c4cc(F)c5nc(C)n(C(C)C)c5c4)n3)nc2)CC1;CCN1CCN(Cc2ccc(Nc3ncc(F)c(-c4cc(F)c5nc(C)n(C(C)C)c5c4)n3)nc2)CC1;3;CCN1CCN(Cc2ccc(Br)nc2)CC1.Cc1nc2c(F)cc(B(O)O)cc2n1C(C)C.CCN1CCN(Cc2ccc(B(O)O)nc2)CC1.Cc1nc2c(F)cc(Br)cc2n1C(C)C.CCN1CCN(Cc2ccc(N)nc2)CC1;CN1C(C)(C)C(=O)OB(c2ccc(COC(=O)Nc3ncc(F)c(Br)n3)cc2)OC(=O)C1(C)C.CN1C(C)(C)C(=O)OB(c2nc(Br)ncc2F)OC(=O)C1(C)C;7;0
O=C(Nc1ccc(OC(F)(F)Cl)cc1)c1cnc(N2CC[C@@H](O)C2)c(-c2ccn[1nH]2)c1;CC(C)(C)OC(=O)[1n]1nccc1-c1cc(C(=O)Nc2ccc(OC(F)(F)Cl)cc2)cnc1N1CC[C@@H](O)C1;4;CC(C)(C)OC(=O)[1n]1nccc1Br.Nc1ccc(OC(F)(F)Cl)cc1.O[C@@H]1CCNC1.CC(C)(C)OC(=O)[1n]1nccc1B(O)O;;4;0
Cn1cnc2c(F)c(Nc3ccc(Br)cc3F)c(C(=O)NOCCO)cc21;Cn1cnc2c(F)c(Nc3ccc([At])cc3F)c(C(=O)NOCCO)cc21;3;[4CH3]c1ccc(Br)c(F)c1.[4CH3]c1ccc(B(O)O)c(F)c1.[4CH3]c1ccc(N)c(F)c1.NOCCO;CN1C(C)(C)C(=O)OB(c2ccc(COC(=O)Nc3c(C(=O)O)cc4c(ncn4C)c3F)cc2)OC(=O)C1(C)C;5;0
COc1cc(Nc2c(C#N)cnc3cc(OCCCN4CCN(C)CC4)c(OC)cc23)c(Cl)cc1Cl;COc1cc(Nc2c(C#N)cnc3cc(OCCCN4CCN(C)CC4)c(OC)cc23)c(Cl)cc1Cl;2;COc1cc(N)c([1CH3])cc1[1CH3].COc1cc2c(B(O)O)c(C#N)cnc2cc1OCCCN1CCN(C)CC1.COc1cc2c(N)c(C#N)cnc2cc1OCCCN1CCN(C)CC1.COc1cc(B(O)O)c([1CH3])cc1[1CH3].COc1cc(Br)c([1CH3])cc1[1CH3].COc1cc2c(Br)c(C#N)cnc2cc1OCCCN1CCN(C)CC1;COc1cc2c(NC(=O)OCc3ccc(B4OC(=O)C(C)(C)N(C)C(C)(C)C(=O)O4)cc3)c(C#N)cnc2cc1Br;7;0
CC#CC(=O)N1CCC[C@H]1c1nc(-c2ccc(C(=O)Nc3ccccn3)cc2)c2c([1NH2])nccn12;CC#CC(=O)N1CCC[C@H]1c1nc(-c2ccc(C(=O)Nc3ccccn3)cc2)c2c([1NH]C(=O)OC(C)(C)C)nccn12;4;Nc1ccccn1.CC#CC(=O)O;CN1C(C)(C)C(=O)OB(c2ccc(COC(=O)N3CCC[C@H]3c3nc(Br)c4c([1NH]C(=O)OC(C)(C)C)nccn34)cc2)OC(=O)C1(C)C.CN1C(C)(C)C(=O)OB(c2ccc(C(=O)O)cc2)OC(=O)C1(C)C;4;0
CNC(=O)c1ccc(-c2cnc3ncc(Cc4ccc5ncccc5c4)n3n2)cc1F;CNC(=O)c1ccc(-c2cnc3ncc(Cc4ccc5ncccc5c4)n3n2)cc1F;2;Brc1cnc2ncc(Cc3ccc4ncccc4c3)n2n1.OB(O)c1ccc2ncccc2c1.CNC(=O)c1ccc(B(O)O)cc1F.CNC(=O)c1ccc(Br)cc1F.Brc1ccc2ncccc2c1.OB(O)c1cnc2ncc(Cc3ccc4ncccc4c3)n2n1;CN1C(C)(C)C(=O)OB(c2ccc(C(=O)O)c(F)c2)OC(=O)C1(C)C.CN1C(C)(C)C(=O)OB(c2cnc3ncc(Br)n3n2)OC(=O)C1(C)C.CN1C(C)(C)C(=O)OB(c2cnc3ncc(Br)nn23)OC(=O)C1(C)C;9;0
Cn1cc(-c2cc3c(N4CCN(c5ncc([C@@](C)([1NH2])c6ccc(F)cc6)cn5)CC4)ncnn3c2)cn1;Cn1cc(-c2cc3c(N4CCN(c5ncc([C@@](C)([1NH]C(=O)OC(C)(C)C)c6ccc(F)cc6)cn5)CC4)ncnn3c2)cn1;4;CC(C)(C)OC(=O)[1NH][C@@](C)(c1ccc(F)cc1)c1cnc(Br)nc1.OB(O)c1ccc(F)cc1.Cn1cc(B(O)O)cn1.Cn1cc(Br)cn1.Fc1ccc(Br)cc1;CN1C(C)(C)C(=O)OB(c2cnc(Br)nc2)OC(=O)C1(C)C.CN1C(C)(C)C(=O)OB(c2ncnn3cc(Br)cc23)OC(=O)C1(C)C.CN1C(C)(C)C(=O)OB(c2cc3c(Br)ncnn3c2)OC(=O)C1(C)C;8;0
COc1c(OCCCN2CCOCC2)ccc2c1N=C(NC(=O)c1cnc([1NH2])nc1)N1CCN=C21;COc1c(OCCCN2CCOCC2)ccc2c1N=C(NC(=O)c1cnc([1NH]C(=O)OC(C)(C)C)nc1)N1CCN=C21;2;CC(C)(C)OC(=O)[1NH]c1ncc(C(=O)O)cn1.COc1c(OCCCN2CCOCC2)ccc2c1N=C(N)N1CCN=C21;COc1c(Br)ccc2c1N=C(NC(=O)OCc1ccc(B3OC(=O)C(C)(C)N(C)C(C)(C)C(=O)O3)cc1)N1CCN=C21;3;0
COc1cc2nccc(Oc3ccc(NC(=O)C4(C(=O)Nc5ccc(F)cc5)CC4)cc3)c2cc1OC;COc1cc2nccc(Oc3ccc(NC(=O)C4(C(=O)Nc5ccc(F)cc5)CC4)cc3)c2cc1OC;4;Nc1ccc(F)cc1.COc1cc2nccc(B(O)O)c2cc1OC.COc1cc2nccc(Br)c2cc1OC;CN1C(C)(C)C(=O)OB(c2ccc(COC(=O)Nc3ccc(Br)cc3)cc2)OC(=O)C1(C)C;4;0
O=C(c1ccc(F)c(F)c1Nc1ccc(I)cc1F)N1CC(O)([C@@H]2CCCC[1NH]2)C1;O=C(c1ccc(F)c(F)c1Nc1ccc(I)cc1F)N1CC(O)([C@@H]2CCCC[1NH]2)C1;3;[1CH3]c1ccc(Br)c(F)c1.[1CH3]c1ccc(N)c(F)c1.[1CH3]c1ccc(B(O)O)c(F)c1;CN1C(C)(C)C(=O)OB(c2ccc(COC(=O)Nc3c(C(=O)O)ccc(F)c3F)cc2)OC(=O)C1(C)C;4;0
CNC(=O)c1ccccc1Sc1ccc2c(/C=C/c3ccccn3)n[1nH]c2c1;CNC(=O)c1ccccc1Sc1ccc2c(/C=C/c3ccccn3)n[1n](C(=O)OC(C)(C)C)c2c1;3;CNC(=O)c1ccccc1Sc1ccc2c(B(O)O)n[1n](C(=O)OC(C)(C)C)c2c1.CNC(=O)c1ccccc1Sc1ccc2c(C=CB(O)O)n[1n](C(=O)OC(C)(C)C)c2c1.OB(O)c1ccccn1.CC(C)(C)OC(=O)[1n]1nc(/C=C/c2ccccn2)c2ccc(B(O)O)cc21.CNC(=O)c1ccccc1Sc1ccc2c(/C=C/B(O)O)n[1n](C(=O)OC(C)(C)C)c2c1.Brc1ccccn1.OB(O)/C=C/c1ccccn1.CNC(=O)c1ccccc1Sc1ccc2c(Br)n[1n](C(=O)OC(C)(C)C)c2c1.CNC(=O)c1ccccc1Sc1ccc2c(/C=C\Br)n[1n](C(=O)OC(C)(C)C)c2c1.Br/C=C/c1ccccn1.CNC(=O)c1ccccc1Sc1ccc2c(/C=C\B(O)O)n[1n](C(=O)OC(C)(C)C)c2c1.CNC(=O)c1ccccc1Br.CNC(=O)c1ccccc1B(O)O.CNC(=O)c1ccccc1Sc1ccc2c(C=CBr)n[1n](C(=O)OC(C)(C)C)c2c1.BrC=Cc1ccccn1.CC(C)(C)OC(=O)[1n]1nc(/C=C/c2ccccn2)c2ccc(Br)cc21.CNC(=O)c1ccccc1Sc1ccc2c(/C=C/Br)n[1n](C(=O)OC(C)(C)C)c2c1;CN1C(C)(C)C(=O)OB(/C=C/c2n[1n](C(=O)OC(C)(C)C)c3cc(Br)ccc23)OC(=O)C1(C)C.CN1C(C)(C)C(=O)OB(/C=C\c2n[1n](C(=O)OC(C)(C)C)c3cc(Sc4ccccc4C(=O)O)ccc23)OC(=O)C1(C)C.CN1C(C)(C)C(=O)OB(/C=C/Br)OC(=O)C1(C)C.CN1C(C)(C)C(=O)OB(c2ccc3c(C=CBr)n[1n](C(=O)OC(C)(C)C)c3c2)OC(=O)C1(C)C.CN1C(C)(C)C(=O)OB(c2ccc3c(Br)n[1n](C(=O)OC(C)(C)C)c3c2)OC(=O)C1(C)C.CN1C(C)(C)C(=O)OB(C=Cc2n[1n](C(=O)OC(C)(C)C)c3cc(Sc4ccccc4C(=O)O)ccc23)OC(=O)C1(C)C.CN1C(C)(C)C(=O)OB(c2n[1n](C(=O)OC(C)(C)C)c3cc(Br)ccc23)OC(=O)C1(C)C.CN1C(C)(C)C(=O)OB(/C=C/c2n[1n](C(=O)OC(C)(C)C)c3cc(Sc4ccccc4C(=O)O)ccc23)OC(=O)C1(C)C.CN1C(C)(C)C(=O)OB(/C=C\c2n[1n](C(=O)OC(C)(C)C)c3cc(Br)ccc23)OC(=O)C1(C)C.CN1C(C)(C)C(=O)OB(c2ccccc2C(=O)O)OC(=O)C1(C)C.CN1C(C)(C)C(=O)OB(c2n[1n](C(=O)OC(C)(C)C)c3cc(Sc4ccccc4C(=O)O)ccc23)OC(=O)C1(C)C;28;0
C[C@@H](Oc1cc(-c2cnn(C3CC[1NH]CC3)c2)cnc1[1NH2])c1c(Cl)ccc(F)c1Cl;C[C@@H](Oc1cc(-c2cnn(C3CC[1N](C(=O)OC(C)(C)C)CC3)c2)cnc1[1NH]C(=O)OC(C)(C)C)c1c(Cl)ccc(F)c1Cl;2;CC(C)(C)OC(=O)[1N]1CCC(n2cc(Br)cn2)CC1.C[C@@H](Oc1cc(Br)cnc1[1NH]C(=O)OC(C)(C)C)c1c([1CH3])ccc(F)c1[1CH3].C[C@@H](Oc1cc(B(O)O)cnc1[1NH]C(=O)OC(C)(C)C)c1c([1CH3])ccc(F)c1[1CH3].CC(C)(C)OC(=O)[1N]1CCC(n2cc(B(O)O)cn2)CC1;CN1C(C)(C)C(=O)OB(c2cc(Br)cnc2[1NH]C(=O)OC(C)(C)C)OC(=O)C1(C)C.CN1C(C)(C)C(=O)OB(c2cnc([1NH]C(=O)OC(C)(C)C)c(Br)c2)OC(=O)C1(C)C;6;0
COc1cc2ncnc(Nc3ccc(F)c(Cl)c3)c2cc1NC(=O)/C=C/CN1CCCCC1;COc1cc2ncnc(Nc3ccc(F)c(Cl)c3)c2cc1NC(=O)/C=C/CN1CCCCC1;3;[1CH3]c1cc(B(O)O)ccc1F.[1CH3]c1cc(Br)ccc1F.[1CH3]c1cc(N)ccc1F.O=C(O)/C=C/CN1CCCCC1;COc1cc2ncnc(Br)c2cc1NC(=O)OCc1ccc(B2OC(=O)C(C)(C)N(C)C(C)(C)C(=O)O2)cc1;5;0
C[C@H](Nc1ncnc2[1nH]cnc12)c1cc2cccc(Cl)c2c(=O)n1-c1ccccc1;C[C@H](Nc1ncnc2c1nc[1n]2C(=O)OC(C)(C)C)c1cc2cccc(Cl)c2c(=O)n1-c1ccccc1;2;C[C@H](N)c1cc2cccc([1CH3])c2c(=O)n1-c1ccccc1.CC(C)(C)OC(=O)[1n]1cnc2c(B(O)O)ncnc21.CC(C)(C)OC(=O)[1n]1cnc2c(Br)ncnc21;;3;0
Cc1cc(Nc2ncc(Cl)c(Nc3ccccc3S(=O)(=O)C(C)C)n2)c(OC(C)C)cc1C1CC[1NH]CC1;Cc1cc(Nc2ncc(Cl)c(Nc3ccccc3S(=O)(=O)C(C)C)n2)c(OC(C)C)cc1C1CC[1N](C(=O)OC(C)(C)C)CC1;3;CC(C)S(=O)(=O)c1ccccc1B(O)O.Cc1cc(B(O)O)c(OC(C)C)cc1C1CC[1N](C(=O)OC(C)(C)C)CC1.CC(C)S(=O)(=O)c1ccccc1N.CC(C)S(=O)(=O)c1ccccc1Br.Cc1cc(Br)c(OC(C)C)cc1C1CC[1N](C(=O)OC(C)(C)C)CC1.Cc1cc(N)c(OC(C)C)cc1C1CC[1N](C(=O)OC(C)(C)C)CC1;Cc1cc(Br)c(OC(C)C)cc1B1OC(=O)C(C)(C)N(C)C(C)(C)C(=O)O1.Cc1cc(B2OC(=O)C(C)(C)N(C)C(C)(C)C(=O)O2)c(OC(C)C)cc1Br.CN1C(C)(C)C(=O)OB(c2ccc(COC(=O)Nc3ncc([1CH3])c(Br)n3)cc2)OC(=O)C1(C)C.CN1C(C)(C)C(=O)OB(c2ccc(COC(=O)Nc3nc(Br)ncc3[1CH3])cc2)OC(=O)C1(C)C.Cc1cc(NC(=O)OCc2ccc(B3OC(=O)C(C)(C)N(C)C(C)(C)C(=O)O3)cc2)c(OC(C)C)cc1Br;11;0
CC(C)(C)c1nc(-c2cccc(NS(=O)(=O)c3c(F)cccc3F)c2F)c(-c2ccnc([1NH2])n2)s1;CC(C)(C)OC(=O)[1NH]c1nccc(-c2sc(C(C)(C)C)nc2-c2cccc(NS(=O)(=O)c3c(F)cccc3F)c2F)n1;3;CC(C)(C)OC(=O)[1NH]c1nccc(B(O)O)n1.O=S(=O)(Nc1cccc(Br)c1F)c1c(F)cccc1F.CC(C)(C)OC(=O)[1NH]c1nccc(Br)n1.O=S(=O)(Nc1cccc(B(O)O)c1F)c1c(F)cccc1F;CN1C(C)(C)C(=O)OB(c2nc(C(C)(C)C)sc2Br)OC(=O)C1(C)C.CN1C(C)(C)C(=O)OB(c2sc(C(C)(C)C)nc2Br)OC(=O)C1(C)C.CN1C(C)(C)C(=O)OB(c2ccc(COC(=O)Nc3cccc(Br)c3F)cc2)OC(=O)C1(C)C;7;0
COc1cc(N2CCC(N3CCN(C)CC3)CC2)ccc1Nc1ncc(Cl)c(Nc2ccccc2P(C)(C)=O)n1;COc1cc(N2CCC(N3CCN(C)CC3)CC2)ccc1Nc1ncc(Cl)c(Nc2ccccc2P(C)(C)=O)n1;4;CP(C)(=O)c1ccccc1B(O)O.CP(C)(=O)c1ccccc1Br.CP(C)(=O)c1ccccc1N.CN1CCN(C2CCNCC2)CC1;CN1C(C)(C)C(=O)OB(c2ccc(COC(=O)Nc3ncc([1CH3])c(Br)n3)cc2)OC(=O)C1(C)C.CN1C(C)(C)C(=O)OB(c2ccc(COC(=O)Nc3nc(Br)ncc3[1CH3])cc2)OC(=O)C1(C)C.COc1cc(Br)ccc1NC(=O)OCc1ccc(B2OC(=O)C(C)(C)N(C)C(C)(C)C(=O)O2)cc1;7;0
COc1cc(OC)cc(N(CC[1NH]C(C)C)c2ccc3ncc(-c4cnn(C)c4)nc3c2)c1;COc1cc(OC)cc(N(CC[1N](C(=O)OC(C)(C)C)C(C)C)c2ccc3ncc(-c4cnn(C)c4)nc3c2)c1;2;COc1cc(Br)cc(OC)c1.COc1cc(OC)cc(B(O)O)c1.Cn1cc(B(O)O)cn1.Cn1cc(Br)cn1.CC(C)[1N](CCN)C(=O)OC(C)(C)C;CN1C(C)(C)C(=O)OB(c2ccc3ncc(Br)nc3c2)OC(=O)C1(C)C.CN1C(C)(C)C(=O)OB(c2cnc3ccc(Br)cc3n2)OC(=O)C1(C)C;7;1
C#Cc1cccc(Nc2ncnc3cc(OCCOC)c(OCCOC)cc23)c1;C#Cc1cccc(Nc2ncnc3cc(OCCOC)c(OCCOC)cc23)c1;2;CC(C)[Si](C#Cc1cccc(B(O)O)c1)(C(C)C)C(C)C.CC(C)[Si](C#Cc1cccc(Br)c1)(C(C)C)C(C)C.COCCOc1cc2ncnc(N)c2cc1OCCOC.COCCOc1cc2ncnc(B(O)O)c2cc1OCCOC.COCCOc1cc2ncnc(Br)c2cc1OCCOC.CC(C)[Si](C#Cc1cccc(N)c1)(C(C)C)C(C)C;COCCOc1cc2c(NC(=O)OCc3ccc(B4OC(=O)C(C)(C)N(C)C(C)(C)C(=O)O4)cc3)ncnc2cc1Br.COCCOc1cc2ncnc(NC(=O)OCc3ccc(B4OC(=O)C(C)(C)N(C)C(C)(C)C(=O)O4)cc3)c2cc1Br;8;0
Cc1nc(Nc2ncc(C(=O)Nc3c(C)cccc3Cl)s2)cc(N2CCN(CCO)CC2)n1;Cc1nc(Nc2ncc(C(=O)Nc3c(C)cccc3Cl)s2)cc(N2CCN(CCO)CC2)n1;4;Cc1cccc([1CH3])c1N.OCCN1CCNCC1;Cc1nc(Br)cc(NC(=O)OCc2ccc(B3OC(=O)C(C)(C)N(C)C(C)(C)C(=O)O3)cc2)n1.CN1C(C)(C)C(=O)OB(c2ccc(COC(=O)Nc3ncc(C(=O)O)s3)cc2)OC(=O)C1(C)C;4;0
C=CC(=O)N1CC[C@H](n2nc(C#Cc3cc(OC)cc(OC)c3)c3c([1NH2])ncnc32)C1;C=CC(=O)N1CC[C@H](n2nc(C#Cc3cc(OC)cc(OC)c3)c3c([1NH]C(=O)OC(C)(C)C)ncnc32)C1;2;C=CC(=O)O.COc1cc(Br)cc(OC)c1.COc1cc(C#Cc2nn([C@H]3CCNC3)c3ncnc([1NH]C(=O)OC(C)(C)C)c23)cc(OC)c1.COc1cc(OC)cc(B(O)O)c1;CN1C(C)(C)C(=O)OB(c2ccc(COC(=O)N3CC[C@H](n4nc(Br)c5c([1NH]C(=O)OC(C)(C)C)ncnc54)C3)cc2)OC(=O)C1(C)C;5;0
CN1CCN(c2ccc(C(=O)Nc3n[1nH]c4ccc(Cc5cc(F)cc(F)c5)cc34)c(NC3CCOCC3)c2)CC1;CN1CCN(c2ccc(C(=O)Nc3n[1n](C(=O)OC(C)(C)C)c4ccc(Cc5cc(F)cc(F)c5)cc34)c(NC3CCOCC3)c2)CC1;4;NC1CCOCC1.Fc1cc(F)cc(Br)c1.OB(O)c1cc(F)cc(F)c1.CC(C)(C)OC(=O)[1n]1nc(N)c2cc(Cc3cc(F)cc(F)c3)ccc21.CN1CCNCC1;CN1C(C)(C)C(=O)OB(c2ccc(COC(=O)Nc3n[1n](C(=O)OC(C)(C)C)c4ccc(Br)cc34)cc2)OC(=O)C1(C)C;6;0
COC(=O)N[C@@H](C)CNc1nccc(-c2cn(C(C)C)nc2-c2cc(Cl)cc(NS(C)(=O)=O)c2F)n1;COC(=O)N[C@@H](C)CNc1nccc(-c2cn(C(C)C)nc2-c2cc(Cl)cc(NS(C)(=O)=O)c2F)n1;4;CS(=O)(=O)Nc1cc([1CH3])cc(B(O)O)c1F.CS(=O)(=O)Nc1cc([1CH3])cc(Br)c1F.C[C@@H](CN)NC(=O)OC(C)(C)C;CC(C)n1cc(B2OC(=O)C(C)(C)N(C)C(C)(C)C(=O)O2)c(Br)n1.CN1C(C)(C)C(=O)OB(c2ccnc(Br)n2)OC(=O)C1(C)C.CC(C)n1cc(Br)c(B2OC(=O)C(C)(C)N(C)C(C)(C)C(=O)O2)n1.CN1C(C)(C)C(=O)OB(c2ccc(COC(=O)Nc3cc([1CH3])cc(Br)c3F)cc2)OC(=O)C1(C)C;7;0
[2H]C([2H])([2H])NC(=O)c1nnc(NC(=O)C2CC2)cc1Nc1cccc(-c2ncn(C)n2)c1OC;[2H]C([2H])([2H])NC(=O)c1nnc(NC(=O)C2CC2)cc1Nc1cccc(-c2ncn(C)n2)c1OC;4;Cn1cnc(Br)n1.O=C(O)C1CC1;[2H]C([2H])([2H])NC(=O)c1nnc(NC(=O)OCc2ccc(B3OC(=O)C(C)(C)N(C)C(C)(C)C(=O)O3)cc2)cc1Br.COc1c(Br)cccc1NC(=O)OCc1ccc(B2OC(=O)C(C)(C)N(C)C(C)(C)C(=O)O2)cc1.COc1c(Br)cccc1B1OC(=O)C(C)(C)N(C)C(C)(C)C(=O)O1;5;0
COc1cc2ncnc(Nc3ccc(F)c(Cl)c3)c2cc1OCCCN1CCOCC1;COc1cc2ncnc(Nc3ccc(F)c(Cl)c3)c2cc1OCCCN1CCOCC1;2;COc1cc2ncnc(B(O)O)c2cc1OCCCN1CCOCC1.[1CH3]c1cc(N)ccc1F.COc1cc2ncnc(N)c2cc1OCCCN1CCOCC1.[1CH3]c1cc(Br)ccc1F.[1CH3]c1cc(B(O)O)ccc1F.COc1cc2ncnc(Br)c2cc1OCCCN1CCOCC1;COc1cc2ncnc(NC(=O)OCc3ccc(B4OC(=O)C(C)(C)N(C)C(C)(C)C(=O)O4)cc3)c2cc1Br;7;0
Cc1cnc(Nc2ccc(OCCN3CCCC3)cc2)nc1Nc1cccc(S(=O)(=O)NC(C)(C)C)c1;Cc1cnc(Nc2ccc(OCCN3CCCC3)cc2)nc1Nc1cccc(S(=O)(=O)NC(C)(C)C)c1;3;CC(C)(C)NS(=O)(=O)c1cccc(B(O)O)c1.CC(C)(C)NS(=O)(=O)c1cccc(Br)c1.Nc1ccc(OCCN2CCCC2)cc1.CC(C)(C)NS(=O)(=O)c1cccc(N)c1.OB(O)c1ccc(OCCN2CCCC2)cc1.Brc1ccc(OCCN2CCCC2)cc1.CC(C)(C)N;Cc1cnc(Br)nc1NC(=O)OCc1ccc(B2OC(=O)C(C)(C)N(C)C(C)(C)C(=O)O2)cc1.CN1C(C)(C)C(=O)OB(c2ccc(COC(=O)Nc3ccc(Br)cc3)cc2)OC(=O)C1(C)C.Cc1cnc(NC(=O)OCc2ccc(B3OC(=O)C(C)(C)N(C)C(C)(C)C(=O)O3)cc2)nc1Br;10;0
CC[C@H](Nc1ncnc2[1nH]cnc12)c1nc2cccc(F)c2c(=O)n1-c1ccccc1;CC[C@H](Nc1ncnc2c1nc[1n]2C(=O)OC(C)(C)C)c1nc2cccc(F)c2c(=O)n1-c1ccccc1;2;CC(C)(C)OC(=O)[1n]1cnc2c(B(O)O)ncnc21.CC[C@H](N)c1nc2cccc(F)c2c(=O)n1-c1ccccc1.CC(C)(C)OC(=O)[1n]1cnc2c(Br)ncnc21;;3;0
COc1cc(Nc2ncc(F)c(Nc3ccc4c(n3)N(COP(=O)(O)O)C(=O)C(C)(C)O4)n2)cc(OC)c1OC;COc1cc(Nc2ncc(F)c(Nc3ccc4c(n3)NC(=O)C(C)(C)O4)n2)cc(OC)c1OC;3;COc1cc(B(O)O)cc(OC)c1OC.CC1(C)Oc2ccc(N)nc2NC1=O.CC1(C)Oc2ccc(Br)nc2NC1=O.COc1cc(N)cc(OC)c1OC.COc1cc(Br)cc(OC)c1OC.CC1(C)Oc2ccc(B(O)O)nc2NC1=O;CN1C(C)(C)C(=O)OB(c2ccc(COC(=O)Nc3ncc(F)c(Br)n3)cc2)OC(=O)C1(C)C.CN1C(C)(C)C(=O)OB(c2ccc(COC(=O)Nc3nc(Br)ncc3F)cc2)OC(=O)C1(C)C;8;0
N#Cc1ccnc(N2C(=O)CC[C@H]2C(=O)N(c2cncc(F)c2)[C@H](C(=O)NC2CC(F)(F)C2)c2ccccc2Cl)c1;N#Cc1ccnc(N2C(=O)CC[C@H]2C(=O)N(c2cncc(F)c2)[C@H](C(=O)NC2CC(F)(F)C2)c2ccccc2Cl)c1;2;N#Cc1ccnc(N2C(=O)CC[C@H]2C(=O)O)c1.NC1CC(F)(F)C1;;2;1
O=C(Nc1cnn2ccc(N3CCC[C@@H]3c3cc(F)ccc3F)nc12)N1CC[C@H](O)C1;O=C(Nc1cnn2ccc(N3CCC[C@@H]3c3cc(F)ccc3F)nc12)N1CC[C@H](O)C1;3;Fc1ccc(F)c([C@H]2CCCN2)c1.O[C@H]1CCNC1;;2;0
CCc1nc(C(N)=O)c(Nc2ccc(N3CCC(N4CCN(C)CC4)CC3)c(OC)c2)nc1NC1CCOCC1;CCc1nc(C(N)=O)c(Nc2ccc(N3CCC(N4CCN(C)CC4)CC3)c(OC)c2)nc1NC1CCOCC1;4;CN1CCN(C2CCNCC2)CC1.NC1CCOCC1;COc1cc(NC(=O)OCc2ccc(B3OC(=O)C(C)(C)N(C)C(C)(C)C(=O)O3)cc2)ccc1Br.CCc1nc(-c2ncco2)c(NC(=O)OCc2ccc(B3OC(=O)C(C)(C)N(C)C(C)(C)C(=O)O3)cc2)nc1Br;4;0
COc1cc2nccc(Oc3ccc(NC(=O)NC4CC4)c(Cl)c3)c2cc1C(N)=O;COc1cc2nccc(Oc3ccc(NC(=O)NC4CC4)c(Cl)c3)c2cc1C(N)=O;3;COc1cc2nccc(B(O)O)c2cc1-c1ncco1.COc1cc2nccc(Br)c2cc1-c1ncco1.NC1CC1.O=C=NC1CC1;CN1C(C)(C)C(=O)OB(c2ccc(COC(=O)Nc3ccc(Br)cc3[1CH3])cc2)OC(=O)C1(C)C;5;0
CO[C@@H]1[C@H](N(C)C(=O)c2ccccc2)C[C@H]2O[C@]1(C)n1c3ccccc3c3c4c(c5c6ccccc6n2c5c31)C(=O)NC4;CO[C@@H]1[C@H](N(C)C(=O)c2ccccc2)C[C@H]2O[C@]1(C)n1c3ccccc3c3c4c(c5c6ccccc6n2c5c31)C(=O)NC4;2;O=C(O)c1ccccc1;;1;0
CCC(=O)N1CC[C@H](Nc2ncnc3c2CN(c2cnc(OC)c(C(F)(F)F)c2)CC3)C1;CCC(=O)N1CC[C@H](Nc2ncnc3c2CN(c2cnc(OC)c(C(F)(F)F)c2)CC3)C1;4;CCC(=O)O.COc1ncc(Br)cc1C(F)(F)F.COc1ncc(B(O)O)cc1C(F)(F)F;CN1C(C)(C)C(=O)OB(c2ccc(COC(=O)N3CCc4ncnc(Br)c4C3)cc2)OC(=O)C1(C)C;4;0
CS(=O)(=O)CC[1NH]Cc1ccc(-c2ccc3ncnc(Nc4ccc(OCc5cccc(F)c5)c(Cl)c4)c3c2)o1;CC(C)(C)OC(=O)[1N](CCS(C)(=O)=O)Cc1ccc(-c2ccc3ncnc(Nc4ccc(OCc5cccc(F)c5)c(Cl)c4)c3c2)o1;3;[1CH3]c1cc(N)ccc1OCc1cccc(F)c1.CC(C)(C)OC(=O)[1N](CCS(C)(=O)=O)Cc1ccc(B(O)O)o1.[1CH3]c1cc(B(O)O)ccc1OCc1cccc(F)c1.[1CH3]c1cc(Br)ccc1OCc1cccc(F)c1.CC(C)(C)OC(=O)[1N](CCS(C)(=O)=O)Cc1ccc(Br)o1;CN1C(C)(C)C(=O)OB(c2ncnc3ccc(Br)cc23)OC(=O)C1(C)C.CN1C(C)(C)C(=O)OB(c2ccc(COC(=O)Nc3ccc(Br)c([1CH3])c3)cc2)OC(=O)C1(C)C.CN1C(C)(C)C(=O)OB(c2ccc(COC(=O)Nc3ncnc4ccc(Br)cc34)cc2)OC(=O)C1(C)C.CN1C(C)(C)C(=O)OB(c2ccc3ncnc(Br)c3c2)OC(=O)C1(C)C;9;0
C=CC(=O)N1CCC[C@@H](n2nc(-c3ccc(Oc4ccccc4)cc3)c3c([1NH2])ncnc32)C1;C=CC(=O)N1CCC[C@@H](n2nc(-c3ccc(Oc4ccccc4)cc3)c3c([1NH]C(=O)OC(C)(C)C)ncnc32)C1;4;C=CC(=O)O.OB(O)c1ccccc1.Oc1ccccc1.Brc1ccccc1;CN1C(C)(C)C(=O)OB(c2ccc(Br)cc2)OC(=O)C1(C)C.CN1C(C)(C)C(=O)OB(c2ccc(COC(=O)N3CCC[C@@H](n4nc(Br)c5c([1NH]C(=O)OC(C)(C)C)ncnc54)C3)cc2)OC(=O)C1(C)C;6;0
C[C@H]1Oc2cc(cnc2[1NH2])-c2c(nn(C)c2C#N)CN(C)C(=O)c2ccc(F)cc21;C[C@H]1Oc2cc(cnc2[1NH]C(=O)OC(C)(C)C)-c2c(nn(C)c2C#N)CN(C)C(=O)c2ccc(F)cc21;3;;C[C@@H](Oc1cc(B2OC(=O)C(C)(C)N(C)C(C)(C)C(=O)O2)cnc1[1NH]C(=O)OC(C)(C)C)c1cc(F)ccc1C(=O)O.CN1C(C)(C)C(=O)OB(c2cc(Br)cnc2[1NH]C(=O)OC(C)(C)C)OC(=O)C1(C)C.CN(Cc1nn(C)c(C#N)c1Br)C(=O)OCc1ccc(B2OC(=O)C(C)(C)N(C)C(C)(C)C(=O)O2)cc1.CN1C(C)(C)C(=O)OB(c2cnc([1NH]C(=O)OC(C)(C)C)c(Br)c2)OC(=O)C1(C)C;4;0
Cc1ccc(C(=O)OCc2ccc([C@@H](C[1NH2])C(=O)Nc3ccc4cnccc4c3)cc2)c(C)c1;Cc1ccc(C(=O)OCc2ccc([C@@H](C[1NH]C(=O)OC(C)(C)C)C(=O)Nc3ccc4cnccc4c3)cc2)c(C)c1;2;Cc1ccc(C(=O)OCc2ccc(Br)cc2)c(C)c1.Cc1ccc(C(=O)OCc2ccc([C@@H](C[1NH]C(=O)OC(C)(C)C)C(=O)O)cc2)c(C)c1.Cc1ccc(C(=O)NCc2ccc(B(O)O)cc2)c(C)c1.Nc1ccc2cnccc2c1.Cc1ccc(C(=O)O)c(C)c1.OCc1ccc(Br)cc1.CC(C)(C)OC(=O)[1NH]C[C@@H](C(=O)O)c1ccc(CO)cc1.OCc1ccc(B(O)O)cc1;;8;0
Cc1ccc(NC(=O)c2ccc(CN3CCN(C)CC3)cc2)cc1Nc1nccc(-c2cccnc2)n1;Cc1ccc(NC(=O)c2ccc(CN3CCN(C)CC3)cc2)cc1Nc1nccc(-c2cccnc2)n1;4;OB(O)c1cccnc1.CN1CCN(Cc2ccc(C(=O)O)cc2)CC1.Brc1cccnc1;CN1C(C)(C)C(=O)OB(c2ccnc(Br)n2)OC(=O)C1(C)C.Cc1ccc(NC(=O)OCc2ccc(B3OC(=O)C(C)(C)N(C)C(C)(C)C(=O)O3)cc2)cc1Br.CN1C(C)(C)C(=O)OB(c2ccc(COC(=O)Nc3nccc(Br)n3)cc2)OC(=O)C1(C)C;6;0
COC(=O)c1ccc2c(c1)NC(=O)/C2=C(\Nc1ccc(N(C)C(=O)CN2CCN(C)CC2)cc1)c1ccccc1;COC(=O)c1ccc2c(c1)NC(=O)/C2=C(\Nc1ccc(N(C)C(=O)CN2CCN(C)CC2)cc1)c1ccccc1;3;CN1CCN(CC(=O)O)CC1;;1;1
CCOc1cc2ncc(C#N)c(Nc3ccc(OCc4ccccn4)c(Cl)c3)c2cc1NC(=O)/C=C/CN(C)C;CCOc1cc2ncc(C#N)c(Nc3ccc(OCc4ccccn4)c(Cl)c3)c2cc1NC(=O)/C=C/CN(C)C;3;[1CH3]c1cc(N)ccc1OCc1ccccn1.[1CH3]c1cc(Br)ccc1OCc1ccccn1.CN(C)C/C=C/C(=O)O.[1CH3]c1cc(B(O)O)ccc1OCc1ccccn1;CCOc1cc2ncc(C#N)c(Br)c2cc1NC(=O)OCc1ccc(B2OC(=O)C(C)(C)N(C)C(C)(C)C(=O)O2)cc1.CN1C(C)(C)C(=O)OB(c2ccc(COC(=O)Nc3ccc(Br)c([1CH3])c3)cc2)OC(=O)C1(C)C;6;0
CCN1C(=O)N(c2c(F)c(OC)cc(OC)c2F)Cc2cnc3[1nH]c(CN4CCOCC4)cc3c21;CCN1C(=O)N(c2c(F)c(OC)cc(OC)c2F)Cc2cnc3c(cc(CN4CCOCC4)[1n]3C(=O)OC(C)(C)C)c21;1;;;0;0
Cc1ccc(Nc2nccc(N(C)c3ccc4c(C)n(C)nc4c3)n2)cc1S(N)(=O)=O;Cc1ccc(Nc2nccc(N(C)c3ccc4c(C)n(C)nc4c3)n2)cc1S(N)(=O)=O;2;Cc1c2ccc(Br)cc2nn1C.Cc1c2ccc(N(C)c3ccnc(Br)n3)cc2nn1C.Cc1ccc(N)cc1S(N)(=O)=O.Cc1c2ccc(B(O)O)cc2nn1C.Cc1ccc(B(O)O)cc1S(N)(=O)=O.Cc1ccc(Br)cc1S(N)(=O)=O.Cc1c2ccc(N(C)c3ccnc(N)n3)cc2nn1C;CN1C(C)(C)C(=O)OB(c2ccc(COC(=O)Nc3nccc(Br)n3)cc2)OC(=O)C1(C)C;8;0
CC(=O)c1c(C)c2cnc(Nc3ccc(N4CC[1NH]CC4)cn3)nc2n(C2CCCC2)c1=O;CC(=O)c1c(C)c2cnc(Nc3ccc(N4CC[1N](C(=O)OC(C)(C)C)CC4)cn3)nc2n(C2CCCC2)c1=O;3;CC(=O)c1c(C)c2cnc(Br)nc2n(C2CCCC2)c1=O.CC(=O)c1c(C)c2cnc(N)nc2n(C2CCCC2)c1=O.CC(C)(C)OC(=O)[1N]1CCNCC1;CN1C(C)(C)C(=O)OB(c2ccc(COC(=O)Nc3ccc(Br)cn3)cc2)OC(=O)C1(C)C;4;0
FC(F)(F)c1ccc(CNc2ccc(Cc3c[1nH]c4ncc(Cl)cc34)cn2)cn1;CC(C)(C)OC(=O)[1n]1cc(Cc2ccc(NCc3ccc(C(F)(F)F)nc3)nc2)c2cc(Cl)cnc21;2;CC(C)(C)OC(=O)[1n]1cc(Cc2ccc(Br)nc2)c2cc([1CH3])cnc21.NCc1ccc(C(F)(F)F)nc1.CC(C)(C)OC(=O)[1n]1cc(Cc2ccc(B(O)O)nc2)c2cc([1CH3])cnc21.CC(C)(C)OC(=O)[1n]1cc(Br)c2cc([1CH3])cnc21.CC(C)(C)OC(=O)[1n]1cc(B(O)O)c2cc([1CH3])cnc21;CN1C(C)(C)C(=O)OB(c2ccc(Br)nc2)OC(=O)C1(C)C.CN1C(C)(C)C(=O)OB(c2ccc(Br)cn2)OC(=O)C1(C)C;7;0
C1=C/COCc2cc(ccc2OCCN2CCCC2)Nc2nccc(n2)-c2cccc(c2)COC/1;C1=C/COCc2cc(ccc2OCCN2CCCC2)Nc2nccc(n2)-c2cccc(c2)COC/1;3;;CN1C(C)(C)C(=O)OB(c2ccnc(Br)n2)OC(=O)C1(C)C.CN1C(C)(C)C(=O)OB(c2ccc(COC(=O)Nc3nccc(Br)n3)cc2)OC(=O)C1(C)C;2;0
Cc1ccc(C(=O)Nc2ccc(CN3CCN(C)CC3)c(C(F)(F)F)c2)cc1C#Cc1cnc2cccnn12;Cc1ccc(C(=O)Nc2ccc(CN3CCN(C)CC3)c(C(F)(F)F)c2)cc1C#Cc1cnc2cccnn12;2;CN1CCN(Cc2ccc(N)cc2C(F)(F)F)CC1.Cc1ccc(C(=O)O)cc1C#Cc1cnc2cccnn12.OB(O)c1cnc2cccnn12.Brc1cnc2cccnn12;;4;0
COc1ccc(F)cc1C(=O)NCc1ccc(-c2nn([C@@H](C)C(F)(F)F)c([1NH2])c2C(N)=O)cc1;COc1ccc(F)cc1C(=O)NCc1ccc(-c2nn([C@@H](C)C(F)(F)F)c([1NH]C(=O)OC(C)(C)C)c2C(N)=O)cc1;3;C[C@H](n1nc(B(O)O)c(-c2ncco2)c1[1NH]C(=O)OC(C)(C)C)C(F)(F)F.C[C@H](n1nc(Br)c(-c2ncco2)c1[1NH]C(=O)OC(C)(C)C)C(F)(F)F.COc1ccc(F)cc1C(=O)O;CN1C(C)(C)C(=O)OB(c2ccc(COC(=O)NCc3ccc(Br)cc3)cc2)OC(=O)C1(C)C;4;0
CNC(=O)c1cc(Oc2ccc(NC(=O)Nc3ccc(Cl)c(C(F)(F)F)c3)c(F)c2)ccn1;CNC(=O)c1cc(Oc2ccc(NC(=O)Nc3ccc(Cl)c(C(F)(F)F)c3)c(F)c2)ccn1;3;CNC(=O)c1cc(B(O)O)ccn1.CNC(=O)c1cc(Br)ccn1.[1CH3]c1ccc(N)cc1C(F)(F)F.[1CH3]c1ccc(N=C=O)cc1C(F)(F)F;CN1C(C)(C)C(=O)OB(c2ccc(COC(=O)Nc3ccc(Br)cc3F)cc2)OC(=O)C1(C)C.CN1C(C)(C)C(=O)OB(c2ccnc(C(=O)O)c2)OC(=O)C1(C)C;6;0
CC(C)(C)c1cc(NC(=O)Nc2ccc(-c3cn4c(n3)sc3cc(OCCN5CCOCC5)ccc34)cc2)no1;CC(C)(C)c1cc(NC(=O)Nc2ccc(-c3cn4c(n3)sc3cc(OCCN5CCOCC5)ccc34)cc2)no1;3;CC(C)(C)c1cc(N)no1.OB(O)c1cn2c(n1)sc1cc(OCCN3CCOCC3)ccc12.Brc1cn2c(n1)sc1cc(OCCN3CCOCC3)ccc12.CC(C)(C)c1cc(N=C=O)no1;CN1C(C)(C)C(=O)OB(c2cn3c(n2)sc2cc(Br)ccc23)OC(=O)C1(C)C.CN1C(C)(C)C(=O)OB(c2ccc(COC(=O)Nc3ccc(Br)cc3)cc2)OC(=O)C1(C)C.CN1C(C)(C)C(=O)OB(c2ccc3c(c2)sc2nc(Br)cn23)OC(=O)C1(C)C;7;0
CO[C@H]1C[C@@H]2CC[C@@H](C)[C@@](O)(O2)C(=O)C(=O)N2CCCC[C@H]2C(=O)O[C@H]([C@H](C)C[C@@H]2CC[C@@H](OCCO)[C@H](OC)C2)CC(=O)[C@H](C)/C=C(\C)[C@@H](O)[C@@H](OC)C(=O)[C@H](C)C[C@H](C)/C=C/C=C/C=C/1C;CO[C@H]1C[C@@H]2CC[C@@H](C)[C@@](O)(O2)C(=O)C(=O)N2CCCC[C@H]2C(=O)O[C@H]([C@H](C)C[C@@H]2CC[C@@H](OCCO)[C@H](OC)C2)CC(=O)[C@H](C)/C=C(\C)[C@@H](O)[C@@H](OC)C(=O)[C@H](C)C[C@H](C)/C=C/C=C/C=C/1C;4;;CN1C(C)(C)C(=O)OB(/C=C/Br)OC(=O)C1(C)C.CO[C@@H](C[C@@H]1CC[C@@H](C)[C@](O)(C(=O)C(=O)O)O1)/C(C)=C/C=C/B1OC(=O)C(C)(C)N(C)C(C)(C)C(=O)O1.CO[C@@H](C[C@@H]1CC[C@@H](C)[C@](O)(C(=O)C(=O)O)O1)/C(C)=C/B1OC(=O)C(C)(C)N(C)C(C)(C)C(=O)O1.CN1C(C)(C)C(=O)OB(c2ccc(COC(=O)N3CCCC[C@H]3C(=O)O)cc2)OC(=O)C1(C)C.CO[C@@H](C[C@@H]1CC[C@@H](C)[C@](O)(C(=O)C(=O)O)O1)/C(C)=C/C=C\B1OC(=O)C(C)(C)N(C)C(C)(C)C(=O)O1;5;4
CN(C)C(=O)c1cc2cnc(Nc3ccc(N4CC[1NH]CC4)cn3)nc2n1C1CCCC1;CN(C)C(=O)c1cc2cnc(Nc3ccc(N4CC[1N](C(=O)OC(C)(C)C)CC4)cn3)nc2n1C1CCCC1;3;CN(C)C(=O)c1cc2cnc(N)nc2n1C1CCCC1.CN(C)C(=O)c1cc2cnc(Br)nc2n1C1CCCC1.CC(C)(C)OC(=O)[1N]1CCNCC1;CN1C(C)(C)C(=O)OB(c2ccc(COC(=O)Nc3ccc(Br)cn3)cc2)OC(=O)C1(C)C;4;0
CO[C@]1(C(=O)N[C@@H](C)c2ccc(-n3cc(F)cn3)nc2)CC[C@H](c2nc(C)cc(Nc3cc(C)[1nH]n3)n2)CC1;CO[C@]1(C(=O)N[C@@H](C)c2ccc(-n3cc(F)cn3)nc2)CC[C@H](c2nc(C)cc(Nc3cc(C)[1n](C(=O)OC(C)(C)C)n3)n2)CC1;4;Fc1cn[nH]c1.Cc1cc(Br)n[1n]1C(=O)OC(C)(C)C.Cc1cc(N)n[1n]1C(=O)OC(C)(C)C.Cc1cc(B(O)O)n[1n]1C(=O)OC(C)(C)C;C[C@H](NC(=O)OCc1ccc(B2OC(=O)C(C)(C)N(C)C(C)(C)C(=O)O2)cc1)c1ccc(Br)nc1.CO[C@]1(C(=O)O)CC[C@H](c2nc(C)cc(NC(=O)OCc3ccc(B4OC(=O)C(C)(C)N(C)C(C)(C)C(=O)O4)cc3)n2)CC1.Cc1cc(NC(=O)OCc2ccc(B3OC(=O)C(C)(C)N(C)C(C)(C)C(=O)O3)cc2)nc(Br)n1;7;0
N#CC[C@H](C1CCCC1)n1cc(-c2ncnc3[1nH]ccc23)cn1;CC(C)(C)OC(=O)[1n]1ccc2c(-c3cnn([C@H](CC#N)C4CCCC4)c3)ncnc21;2;N#CC[C@H](C1CCCC1)n1cc(Br)cn1.CC(C)(C)OC(=O)[1n]1ccc2c(B(O)O)ncnc21.CC(C)(C)OC(=O)[1n]1ccc2c(Br)ncnc21.N#CC[C@H](C1CCCC1)n1cc(B(O)O)cn1;;4;0
Cc1cn(-c2cc(NC(=O)c3ccc(C)c(Nc4nccc(-c5cccnc5)n4)c3)cc(C(F)(F)F)c2)cn1;Cc1cn(-c2cc(NC(=O)c3ccc(C)c(Nc4nccc(-c5cccnc5)n4)c3)cc(C(F)(F)F)c2)cn1;5;OB(O)c1cccnc1.Brc1cccnc1.Cc1c[nH]cn1;CN1C(C)(C)C(=O)OB(c2ccc(COC(=O)Nc3nccc(Br)n3)cc2)OC(=O)C1(C)C.CN1C(C)(C)C(=O)OB(c2ccnc(Br)n2)OC(=O)C1(C)C.Cc1ccc(C(=O)O)cc1NC(=O)OCc1ccc(B2OC(=O)C(C)(C)N(C)C(C)(C)C(=O)O2)cc1.CN1C(C)(C)C(=O)OB(c2ccc(COC(=O)Nc3cc(Br)cc(C(F)(F)F)c3)cc2)OC(=O)C1(C)C;7;0
C=CC(=O)N1C[C@H](Nc2ncnc3[1nH]ccc23)CC[C@@H]1C;C=CC(=O)N1C[C@H](Nc2ncnc3c2cc[1n]3C(=O)OC(C)(C)C)CC[C@@H]1C;3;C=CC(=O)O.CC(C)(C)OC(=O)[1n]1ccc2c(B(O)O)ncnc21.CC(C)(C)OC(=O)[1n]1ccc2c(Br)ncnc21;;3;0
C=CC(=O)Nc1cc(Nc2ncc(C(=O)OC(C)C)c(-c3cn(C)c4ccccc34)n2)c(OC)cc1N(C)CCN(C)C;C=CC(=O)Nc1cc(Nc2ncc(C(=O)OC(C)C)c(-c3cn(C)c4ccccc34)n2)c(OC)cc1N(C)CCN(C)C;5;C=CC(=O)O.CNCCN(C)C.Cn1cc(Br)c2ccccc21.Cn1cc(B(O)O)c2ccccc21;CC(C)NC(=O)c1cnc(Br)nc1B1OC(=O)C(C)(C)N(C)C(C)(C)C(=O)O1.CC(C)NC(=O)c1cnc(NC(=O)OCc2ccc(B3OC(=O)C(C)(C)N(C)C(C)(C)C(=O)O3)cc2)nc1Br;6;0
CCn1c(=O)c(-c2cc(NC(=O)Nc3ccccc3)c(F)cc2Br)cc2cnc(NC)cc21;CCn1c(=O)c(-c2cc(NC(=O)Nc3ccccc3)c(F)cc2[At])cc2cnc(N(C)C(=O)OC(C)(C)C)cc21;3;CCn1c(=O)c(B(O)O)cc2cnc(N(C)C(=O)OC(C)(C)C)cc21.O=C=Nc1ccccc1.Nc1ccccc1.CCn1c(=O)c(Br)cc2cnc(N(C)C(=O)OC(C)(C)C)cc21;CN1C(C)(C)C(=O)OB(c2ccc(COC(=O)Nc3cc(Br)c([4CH3])cc3F)cc2)OC(=O)C1(C)C;5;0
Cn1cnc2c(F)c(Nc3ccc(Br)cc3Cl)c(C(=O)NOCCO)cc21;Cn1cnc2c(F)c(Nc3ccc([At])cc3Cl)c(C(=O)NOCCO)cc21;3;[1CH3]c1cc([4CH3])ccc1B(O)O.[1CH3]c1cc([4CH3])ccc1N.[1CH3]c1cc([4CH3])ccc1Br.NOCCO;CN1C(C)(C)C(=O)OB(c2ccc(COC(=O)Nc3c(C(=O)O)cc4c(ncn4C)c3F)cc2)OC(=O)C1(C)C;5;0
C=CC(=O)Nc1cc(Nc2nccc(-c3cn(C)c4ccccc34)n2)c(OC)cc1N(C)CCN(C)C;C=CC(=O)Nc1cc(Nc2nccc(-c3cn(C)c4ccccc34)n2)c(OC)cc1N(C)CCN(C)C;5;C=CC(=O)O.CNCCN(C)C.Cn1cc(Br)c2ccccc21.Cn1cc(B(O)O)c2ccccc21;CN1C(C)(C)C(=O)OB(c2ccc(COC(=O)Nc3nccc(Br)n3)cc2)OC(=O)C1(C)C.CN1C(C)(C)C(=O)OB(c2ccnc(Br)n2)OC(=O)C1(C)C;6;0
COc1ccc(CN2C3CC2CN(c2ccc(-c4cc(OCC(C)(C)O)cn5ncc(C#N)c45)cn2)C3)cn1;COc1ccc(CN2C3CC2CN(c2ccc(-c4cc(OCC(C)(C)O)cn5ncc(C#N)c45)cn2)C3)cn1;3;CC(C)(O)COc1cc(Br)c2c(C#N)cnn2c1.CC(C)(O)COc1cc(B(O)O)c2c(C#N)cnn2c1.COc1ccc(CN2C3CNCC2C3)cn1;CN1C(C)(C)C(=O)OB(c2ccc(Br)nc2)OC(=O)C1(C)C.CN1C(C)(C)C(=O)OB(c2cc(Br)cn3ncc(C#N)c23)OC(=O)C1(C)C.CN1C(C)(C)C(=O)OB(c2cc(Br)c3c(C#N)cnn3c2)OC(=O)C1(C)C.CN1C(C)(C)C(=O)OB(c2ccc(Br)cn2)OC(=O)C1(C)C;7;0
CNC(=O)c1cc(Oc2ccc(NC(=O)Nc3ccc(Cl)c(C(F)(F)F)c3)cc2)ccn1;CNC(=O)c1cc(Oc2ccc(NC(=O)Nc3ccc(Cl)c(C(F)(F)F)c3)cc2)ccn1;3;CNC(=O)c1cc(B(O)O)ccn1.CNC(=O)c1cc(Br)ccn1.[1CH3]c1ccc(N)cc1C(F)(F)F.[1CH3]c1ccc(N=C=O)cc1C(F)(F)F;CN1C(C)(C)C(=O)OB(c2ccnc(C(=O)O)c2)OC(=O)C1(C)C.CN1C(C)(C)C(=O)OB(c2ccc(COC(=O)Nc3ccc(Br)cc3)cc2)OC(=O)C1(C)C;6;0
C[C@@H]1CCN(C(=O)CC#N)C[C@@H]1N(C)c1ncnc2[1nH]ccc12;C[C@@H]1CCN(C(=O)CC#N)C[C@@H]1N(C)c1ncnc2c1cc[1n]2C(=O)OC(C)(C)C;3;N#CCC(=O)O.CC(C)(C)OC(=O)[1n]1ccc2c(Br)ncnc21.CC(C)(C)OC(=O)[1n]1ccc2c(B(O)O)ncnc21;;3;0
O=C(Cc1ccc(-c2ccc(OCCN3CCOCC3)cc2)cn1)NCc1ccccc1;O=C(Cc1ccc(-c2ccc(OCCN3CCOCC3)cc2)cn1)NCc1ccccc1;3;OB(O)c1ccc(OCCN2CCOCC2)cc1.NCc1ccccc1.Brc1ccc(OCCN2CCOCC2)cc1;CN1C(C)(C)C(=O)OB(c2ccc(Br)nc2)OC(=O)C1(C)C.CN1C(C)(C)C(=O)OB(c2ccc(CC(=O)O)nc2)OC(=O)C1(C)C.CN1C(C)(C)C(=O)OB(c2ccc(Br)cc2)OC(=O)C1(C)C.CN1C(C)(C)C(=O)OB(c2ccc(Br)cn2)OC(=O)C1(C)C;7;0
COc1cc2nccc(Oc3ccc(NC(=O)Nc4cc(C)on4)c(Cl)c3)c2cc1OC;COc1cc2nccc(Oc3ccc(NC(=O)Nc4cc(C)on4)c(Cl)c3)c2cc1OC;3;COc1cc2nccc(B(O)O)c2cc1OC.Cc1cc(N=C=O)no1.Cc1cc(N)no1.COc1cc2nccc(Br)c2cc1OC;CN1C(C)(C)C(=O)OB(c2ccc(COC(=O)Nc3ccc(Br)cc3[1CH3])cc2)OC(=O)C1(C)C;5;0
CN1CCC(COc2cnc(-c3cccc(Cn4nc(-c5cccc(C#N)c5)ccc4=O)c3)nc2)CC1;CN1CCC(COc2cnc(-c3cccc(Cn4nc(-c5cccc(C#N)c5)ccc4=O)c3)nc2)CC1;3;N#Cc1cccc(B(O)O)c1.N#Cc1cccc(Br)c1.CN1CCC(COc2cnc(Br)nc2)CC1;CN1C(C)(C)C(=O)OB(c2cccc(Cn3nc(Br)ccc3=O)c2)OC(=O)C1(C)C.CN1C(C)(C)C(=O)OB(c2ccc(=O)n(Cc3cccc(Br)c3)n2)OC(=O)C1(C)C;5;0
C=CC(=O)N1CCN(c2nc(=O)n(-c3c(C)ccnc3C(C)C)c3nc(-c4c(O)cccc4F)c(F)cc23)[C@@H](C)C1;C=CC(=O)N1CCN(c2nc(=O)n(-c3c(C)ccnc3C(C)C)c3nc(-c4c(O)cccc4F)c(F)cc23)[C@@H](C)C1;4;C=CC(=O)O;Cc1ccnc(C(C)C)c1-n1c(=O)nc(B2OC(=O)C(C)(C)N(C)C(C)(C)C(=O)O2)c2cc(F)c(Br)nc21.Cc1ccnc(C(C)C)c1-n1c(=O)nc(Br)c2cc(F)c(B3OC(=O)C(C)(C)N(C)C(C)(C)C(=O)O3)nc21;3;0
CC[C@@H]1CN(C(=O)NCC(F)(F)F)C[C@@H]1c1cnc2cnc3[1nH]ccc3n12;CC[C@@H]1CN(C(=O)NCC(F)(F)F)C[C@@H]1c1cnc2cnc3c(cc[1n]3C(=O)OC(C)(C)C)n12;2;CC(C)(C)OC(=O)[1n]1ccc2c1ncc1ncc(Br)n12.CC(C)(C)OC(=O)[1n]1ccc2c1ncc1ncc(B(O)O)n12.CC[C@@H]1CNC[C@@H]1c1cnc2cnc3c(cc[1n]3C(=O)OC(C)(C)C)n12.O=C=NCC(F)(F)F;;4;0
CCN(CC)CCNC(=O)c1c(C)[1nH]c(/C=C2\C(=O)Nc3ccc(F)cc32)c1C;CCN(CC)CCNC(=O)c1c(C)c(/C=C2\C(=O)Nc3ccc(F)cc32)[1n](C(=O)OC(C)(C)C)c1C;5;O=C1Nc2ccc(F)cc2/C1=C/Br.CCN(CC)CCN;Cc1c(C(=O)O)c(C)[1n](C(=O)OC(C)(C)C)c1B1OC(=O)C(C)(C)N(C)C(C)(C)C(=O)O1;3;0
COc1cc2c(Nc3ccc(Br)cc3F)ncnc2cc1OCC1CCN(C)CC1;COc1cc2c(Nc3ccc([At])cc3F)ncnc2cc1OCC1CCN(C)CC1;2;[4CH3]c1ccc(B(O)O)c(F)c1.COc1cc2c(N)ncnc2cc1OCC1CCN(C)CC1.[4CH3]c1ccc(Br)c(F)c1.[4CH3]c1ccc(N)c(F)c1.COc1cc2c(B(O)O)ncnc2cc1OCC1CCN(C)CC1.COc1cc2c(Br)ncnc2cc1OCC1CCN(C)CC1;COc1cc2c(NC(=O)OCc3ccc(B4OC(=O)C(C)(C)N(C)C(C)(C)C(=O)O4)cc3)ncnc2cc1Br;7;0
CN1CCN(c2ccc(Nc3ncc4cc5n(c4n3)C3(CCCCC3)CNC5=O)nc2)CC1;CN1CCN(c2ccc(Nc3ncc4cc5n(c4n3)C3(CCCCC3)CNC5=O)nc2)CC1;3;Nc1ncc2cc3n(c2n1)C1(CCCCC1)CNC3=O.O=C1NCC2(CCCCC2)n2c1cc1cnc(Br)nc12.CN1CCNCC1;CN1C(C)(C)C(=O)OB(c2ccc(COC(=O)Nc3ccc(Br)cn3)cc2)OC(=O)C1(C)C;4;0
CC(=O)Nc1cccc(-n2c(=O)n(C3CC3)c(=O)c3c(Nc4ccc(I)cc4F)n(C)c(=O)c(C)c32)c1;CC(=O)Nc1cccc(-n2c(=O)n(C3CC3)c(=O)c3c(Nc4ccc(I)cc4F)n(C)c(=O)c(C)c32)c1;3;[1CH3]c1ccc(Br)c(F)c1.[1CH3]c1ccc(N)c(F)c1.[1CH3]c1ccc(B(O)O)c(F)c1.CC(=O)O;Cc1c(=O)n(C)c(Br)c2c(=O)n(C3CC3)c(=O)n(-c3cccc(NC(=O)OCc4ccc(B5OC(=O)C(C)(C)N(C)C(C)(C)C(=O)O5)cc4)c3)c12;5;0
Cc1cc(Nc2ncnc3ccc(NC4=NC(C)(C)CO4)cc23)ccc1Oc1ccn2ncnc2c1;Cc1cc(Nc2ncnc3ccc(NC4=NC(C)(C)CO4)cc23)ccc1Oc1ccn2ncnc2c1;3;Brc1ccn2ncnc2c1.Nc1ncnc2ccc(Nc3ncco3)cc12.OB(O)c1ncnc2ccc(Nc3ncco3)cc12.OB(O)c1ccn2ncnc2c1.Brc1ncnc2ccc(Nc3ncco3)cc12;Cc1cc(NC(=O)OCc2ccc(B3OC(=O)C(C)(C)N(C)C(C)(C)C(=O)O3)cc2)ccc1Br;6;0
CCCS(=O)(=O)Nc1ccc(F)c(C(=O)c2c[1nH]c3ncc(-c4ccc(Cl)cc4)cc23)c1F;CCCS(=O)(=O)Nc1ccc(F)c(C(=O)c2c[1n](C(=O)OC(C)(C)C)c3ncc(-c4ccc(Cl)cc4)cc23)c1F;2;[1CH3]c1ccc(B(O)O)cc1.CCCS(=O)(=O)Nc1ccc(F)c(B(O)O)c1F.CCCS(=O)(=O)Nc1ccc(F)c(C(=O)c2c[1n](C(=O)OC(C)(C)C)c3ncc(B(O)O)cc23)c1F.CCCS(=O)(=O)Nc1ccc(F)c(Br)c1F.CCCS(=O)(=O)Nc1ccc(F)c(C(=O)c2c[1n](C(=O)OC(C)(C)C)c3ncc(Br)cc23)c1F.[1CH3]c1ccc(Br)cc1;CN1C(C)(C)C(=O)OB(c2cnc3c(c2)c(Br)c[1n]3C(=O)OC(C)(C)C)OC(=O)C1(C)C.CN1C(C)(C)C(=O)OB(c2c[1n](C(=O)OC(C)(C)C)c3ncc(Br)cc23)OC(=O)C1(C)C.CN1C(C)(C)C(=O)OB(c2ccc(COC(=O)Nc3ccc(F)c(C(=O)c4c[1n](C(=O)OC(C)(C)C)c5ncc(Br)cc45)c3F)cc2)OC(=O)C1(C)C.CN1C(C)(C)C(=O)OB(c2ccc(COC(=O)Nc3ccc(F)c(Br)c3F)cc2)OC(=O)C1(C)C;10;0
C=CC(=O)N1CCC([C@@H]2CC[1NH]c3c(C(N)=O)c(-c4ccc(Oc5ccccc5)cc4)nn32)CC1;C=CC(=O)N1CCC([C@@H]2CC[1N](C(=O)OC(C)(C)C)c3c(C(N)=O)c(-c4ccc(Oc5ccccc5)cc4)nn32)CC1;4;C=CC(=O)O.OB(O)c1ccccc1.Oc1ccccc1.Brc1ccccc1;CN1C(C)(C)C(=O)OB(c2ccc(Br)cc2)OC(=O)C1(C)C.CN1C(C)(C)C(=O)OB(c2ccc(COC(=O)N3CCC([C@@H]4CC[1N](C(=O)OC(C)(C)C)c5c(-c6ncco6)c(Br)nn54)CC3)cc2)OC(=O)C1(C)C;6;0
CC(C)NC(=O)COc1cccc(-c2nc(Nc3ccc4[1nH]ncc4c3)c3ccccc3n2)c1;CC(C)NC(=O)COc1cccc(-c2nc(Nc3ccc4c(cn[1n]4C(=O)OC(C)(C)C)c3)c3ccccc3n2)c1;4;CC(C)N.CC(C)(C)OC(=O)[1n]1ncc2cc(N)ccc21.CC(C)(C)OC(=O)[1n]1ncc2cc(Br)ccc21.CC(C)(C)OC(=O)[1n]1ncc2cc(B(O)O)ccc21;CN1C(C)(C)C(=O)OB(c2cccc(Br)c2)OC(=O)C1(C)C.CN1C(C)(C)C(=O)OB(c2ccc(COC(=O)Nc3nc(Br)nc4ccccc34)cc2)OC(=O)C1(C)C.CN1C(C)(C)C(=O)OB(c2cccc(OCC(=O)O)c2)OC(=O)C1(C)C;7;0
N#CCNC(=O)c1ccc(-c2ccnc(Nc3ccc(N4CCOCC4)cc3)n2)cc1;N#CCNC(=O)c1ccc(-c2ccnc(Nc3ccc(N4CCOCC4)cc3)n2)cc1;5;N#CCN.C1COCCN1;CN1C(C)(C)C(=O)OB(c2ccnc(Br)n2)OC(=O)C1(C)C.CN1C(C)(C)C(=O)OB(c2ccc(COC(=O)Nc3ccc(Br)cc3)cc2)OC(=O)C1(C)C.CN1C(C)(C)C(=O)OB(c2ccc(COC(=O)Nc3nccc(Br)n3)cc2)OC(=O)C1(C)C.CN1C(C)(C)C(=O)OB(c2ccc(C(=O)O)cc2)OC(=O)C1(C)C;6;0
CO[C@H]1C[C@@H]2CC[C@@H](C)[C@@](O)(O2)C(=O)C(=O)N2CCCC[C@H]2C(=O)O[C@H]([C@H](C)C[C@@H]2CC[C@@H](O)[C@H](OC)C2)CC(=O)[C@H](C)/C=C(\C)[C@@H](O)[C@@H](OC)C(=O)[C@H](C)C[C@H](C)/C=C/C=C/C=C/1C;CO[C@H]1C[C@@H]2CC[C@@H](C)[C@@](O)(O2)C(=O)C(=O)N2CCCC[C@H]2C(=O)O[C@H]([C@H](C)C[C@@H]2CC[C@@H](O)[C@H](OC)C2)CC(=O)[C@H](C)/C=C(\C)[C@@H](O)[C@@H](OC)C(=O)[C@H](C)C[C@H](C)/C=C/C=C/C=C/1C;4;;CN1C(C)(C)C(=O)OB(/C=C/Br)OC(=O)C1(C)C.CO[C@@H](C[C@@H]1CC[C@@H](C)[C@](O)(C(=O)C(=O)O)O1)/C(C)=C/C=C/B1OC(=O)C(C)(C)N(C)C(C)(C)C(=O)O1.CO[C@@H](C[C@@H]1CC[C@@H](C)[C@](O)(C(=O)C(=O)O)O1)/C(C)=C/B1OC(=O)C(C)(C)N(C)C(C)(C)C(=O)O1.CN1C(C)(C)C(=O)OB(c2ccc(COC(=O)N3CCCC[C@H]3C(=O)O)cc2)OC(=O)C1(C)C.CO[C@@H](C[C@@H]1CC[C@@H](C)[C@](O)(C(=O)C(=O)O)O1)/C(C)=C/C=C\B1OC(=O)C(C)(C)N(C)C(C)(C)C(=O)O1;5;4
CO[C@H]1C[C@@H]2CC[C@@H](C)[C@@](O)(O2)C(=O)C(=O)N2CCCC[C@H]2C(=O)O[C@H]([C@H](C)C[C@@H]2CC[C@@H](OC(=O)C(C)(CO)CO)[C@H](OC)C2)CC(=O)[C@H](C)/C=C(\C)[C@@H](O)[C@@H](OC)C(=O)[C@H](C)C[C@H](C)/C=C/C=C/C=C/1C;CO[C@H]1C[C@@H]2CC[C@@H](C)[C@@](O)(O2)C(=O)C(=O)N2CCCC[C@H]2C(=O)O[C@H]([C@H](C)C[C@@H]2CC[C@@H](OC(=O)C(C)(CO)CO)[C@H](OC)C2)CC(=O)[C@H](C)/C=C(\C)[C@@H](O)[C@@H](OC)C(=O)[C@H](C)C[C@H](C)/C=C/C=C/C=C/1C;4;CC(CO)(CO)C(=O)O;CN1C(C)(C)C(=O)OB(/C=C/Br)OC(=O)C1(C)C.CO[C@@H](C[C@@H]1CC[C@@H](C)[C@](O)(C(=O)C(=O)O)O1)/C(C)=C/C=C/B1OC(=O)C(C)(C)N(C)C(C)(C)C(=O)O1.CO[C@@H](C[C@@H]1CC[C@@H](C)[C@](O)(C(=O)C(=O)O)O1)/C(C)=C/B1OC(=O)C(C)(C)N(C)C(C)(C)C(=O)O1.CN1C(C)(C)C(=O)OB(c2ccc(COC(=O)N3CCCC[C@H]3C(=O)O)cc2)OC(=O)C1(C)C.CO[C@@H](C[C@@H]1CC[C@@H](C)[C@](O)(C(=O)C(=O)O)O1)/C(C)=C/C=C\B1OC(=O)C(C)(C)N(C)C(C)(C)C(=O)O1;6;8
