1	buchwald	[c:1][NHR0:2][c:3].[Br:4]>>[c:1][NH2:2].[Br:4][c:3]	.Br		[c][NH2]	[c:1][NH2:2].[Br:4][c:3]>>[c:1][NHR0:2][c:3].[Br:4]	std		NA	
2	suzuki	[c!$(c(c-*~*1)(-c1))!$(c(c-*~*~*1)(-c1))!$(c(c-*~*~*~*1)(-c1))!$(c(c-*~*~*~*~*1)(-c1)):1]-[c:3].[Br:4].[B:5]([O:6])[O:7]>>([c:1][B:5]([O:6])[O:7].[Br:4][c:3])	.Br.B(O)O			[c:1][B:5]([O:6])[O:7].[Br:4][c:3]>>[c:1]-[c:3].[Br:4].[B:5]([O:6])[O:7]	std		NA	
2a	suzuki	[c!$(c(c-*~*1)(-c1))!$(c(c-*~*~*1)(-c1))!$(c(c-*~*~*~*1)(-c1))!$(c(c-*~*~*~*~*1)(-c1)):1]-[c:3].[Br:4].[B:5]([O:6])[O:7]>>([c:1][B:5]([O:6])[O:7].[Br:4][c:3])	.Br.B(O)O			[c:1][B:5]([O:6])[O:7].[Br:4][c:3]>>[c:1]-[c:3].[Br:4].[B:5]([O:6])[O:7]	std		NA	
3	amide	[#6:1][C;!r5!r6!r7!r8:3](=[O:4])[NX3H:5][CX4!H3,OX2:7].[O:6]>>([#6:1][C:3](=[O:4])[O:6].[NX3H2:5][*:7])	.O			[CX4][NH2].[#6][CX3]([OH])(=O)	std		NA
4	amide	[#6:1][C;!r5!r6!r7!r8:3](=[O:4])[NX3:5]([CX4H1,CX4H2,CX4H0R:8])[CX4H2,CH3:7].[O:6]>>([#6:1][C:3](=[O:4])[O:6].[NX3H:5]([*:8])[*:7])	.O			[CX4][NH2].[#6][CX3]([OH])(=O)	std		NA
5	amide	[#6:1][C;!r5!r6!r7!r8:3](=[O:4])[NX3H:5]-[c,$([CX3]1=[NX2]cc[CX3](=[NX2])[NX3]1):8].[O:6]>>([#6:1][C:3](=[O:4])[O:6].[NX3H2:5][*:8])	.O			[CX4,$([CX3]1=[NX2]cc[CX3](=[NX2])[NX3]1),c][NH2].[#6][CX3]([OH])(=O)	std		NA
6	C-N-het coupling	[nr5:2]!@-[c:3].[Br:4]>>[nH:2].[Br:4][c:3]	.Br		[nH]	[nr5H:2].[Br:4][c:3]>>[n:2][c:3].[Br:4]	std		NA	
7	buchwald	[c:1]!@[NH:2]([CX4H2,CH3,$([CX4H]([NX3])([#6])[#6]),$([CX4]([NX3])([#6])([#6])[#6]):6]).[Br:4]>>[NH2:2][*:6].[Br:4][c:1]	.Br		[CX4][NH2]	[NH2:2][CX4H2,CH3,$([CX4H]([NX3])([#6])[#6]),$([CX4]([NX3])([#6])([#6])[#6]):6].[Br:4][c:1]>>[*:6][N:2]-[c:1].[Br:4]	std		NA	
8	buchwald	[c:1]!@[N:2]([CX4H2,CH3,$([CX4H]([NX3])([#6])[#6]):6])[CX4H2,CH3:3].[Br:4]>>[*:3][NH:2][*:6].[Br:4][c:1]	.Br		[c,CX4][NH][CX4!H0]	[CX4H2,CH3,$([CX4H]([NX3])([#6])[#6]):3][NH:2][CX4H2,CH3:6].[Br:4][c:1]>>[*:3][N:2](-[c:1])[*:6].[Br:4]	std		NA	
9	Pd-coupling of aromatic bromide with phenol	[c:1][O:2]!@[c:3].[Br:4]>>[c:1][OH:2].[Br:4][c:3]	.Br			[c:1][OH:2].[Br:4][c:3]>>[c:1][O:2][c:3].[Br:4]	std		NA	
10	Addition of amines to isocyanates	[OX1:56]=[CX3:55](!@[NX3H:10][c:11])[NX3H:45][c,CX4H3,$([CX4H2][c,CX4,CX3,OX2H0]),$([CX4H1]([c,CX4])[CX4!H0,CX3,OX2H0]),$([CX4H0]([c,CX4])([CX4!H0])[CX4H3,CX4H2,CX3,OX2H0]),$([CX3]=[CX3H]),$([SX4](=[OX1])(=[OX1])[c,CX4]),$([CX3](=[OX1])[c,CX4,OX2H0,NX3H1,NX3H0]):1]>>[OX1:56]=[CX2:55]=[NX2:45][*:1].[NX3H2:10][c:11]	.			[OX1:56]=[CX2:55]=[NX2:45][c,CX4H3,$([CX4H2][c,CX4,CX3,OX2H0]),$([CX4H1]([c,CX4])[CX4!H0,CX3,OX2H0]),$([CX4H0]([c,CX4])([CX4!H0])[CX4H3,CX4H2,CX3,OX2H0]),$([CX3]=[CX3H]),$([SX4](=[OX1])(=[OX1])[c,CX4]),$([CX3](=[OX1])[c,CX4,OX2H0,NX3H1,NX3H0]):1].[NX3H2:10][c:11]>>[OX1:56]=[CX3:55]([NX3H:10][*:11])[NX3H:45][*:1]	std		NA	
11	Addition of amines to isocyanates	[OX1:56]=[CX3:55](!@[NX3H:10][CX4H3,$([CX4H2][#6]):11])[NX3H:45][c,CX4H3,$([CX4H2][c,CX4,CX3,OX2H0]),$([CX4H1]([c,CX4])[CX4!H0,CX3,OX2H0]),$([CX4H0]([c,CX4])([CX4!H0])[CX4H3,CX4H2,CX3,OX2H0]),$([CX3]=[CX3H]),$([SX4](=[OX1])(=[OX1])[c,CX4]),$([CX3](=[OX1])[c,CX4,OX2H0,NX3H1,NX3H0]):1]>>[OX1:56]=[CX2:55]=[NX2:45][*:1].[NX3H2:10][*:11]	.			[OX1:56]=[CX2:55]=[NX2:45][c,CX4H3,$([CX4H2][c,CX4,CX3,OX2H0]),$([CX4H1]([c,CX4])[CX4!H0,CX3,OX2H0]),$([CX4H0]([c,CX4])([CX4!H0])[CX4H3,CX4H2,CX3,OX2H0]),$([CX3]=[CX3H]),$([SX4](=[OX1])(=[OX1])[c,CX4]),$([CX3](=[OX1])[c,CX4,OX2H0,NX3H1,NX3H0]):1].[NX3H2:10][CX4H3,$([CX4H2][#6]):11]>>[OX1:56]=[CX3:55]([NX3H:10][*:11])[NX3H:45][*:1]	std		NA	
12	Addition of amines to isocyanates	[OX1:56]=[CX3:55](!@[NX3H:10][CX4H:15]([CX4H3,CX4H2,OH0R:12])[c,CX4!H0,CX3,CX2:11])[NX3H:45][c,CX4H3,$([CX4H2][c,CX4,CX3,OX2H0]),$([CX4H1]([c,CX4])[CX4!H0,CX3,OX2H0]),$([CX4H0]([c,CX4])([CX4!H0])[CX4H3,CX4H2,CX3,OX2H0]),$([CX3]=[CX3H]),$([SX4](=[OX1])(=[OX1])[c,CX4]),$([CX3](=[OX1])[c,CX4,OX2H0,NX3H1,NX3H0]):1]>>[OX1:56]=[CX2:55]=[NX2:45][*:1].[NX3H2:10][CX4H:15]([*:12])[*:11]	.			[OX1:56]=[CX2:55]=[NX2:45][c,CX4H3,$([CX4H2][c,CX4,CX3,OX2H0]),$([CX4H1]([c,CX4])[CX4!H0,CX3,OX2H0]),$([CX4H0]([c,CX4])([CX4!H0])[CX4H3,CX4H2,CX3,OX2H0]),$([CX3]=[CX3H]),$([SX4](=[OX1])(=[OX1])[c,CX4]),$([CX3](=[OX1])[c,CX4,OX2H0,NX3H1,NX3H0]):1].[NX3H2:10][CX4H:15]([CX4H3,CX4H2,OH0R:12])[c,CX4!H0,CX3,CX2:11]>>[OX1:56]=[CX3:55]([NX3H:10][CX4H:15]([*:12])[*:11])[NX3H:45][*:1]	std		NA	
13	Addition of amines to isocyanates	[OX1:56]=[CX3:55](!@[NX3H:10][CX4:15]([CX4H3,CX4H2,OH0R:12])([CX4H3,CX4H2:13])[CX4H3,CX4H2,CX3,c:11])[NX3H:45][c,CX4H3,$([CX4H2][c,CX4,CX3,OX2H0]),$([CX4H1]([c,CX4])[CX4!H0,CX3,OX2H0]),$([CX4H0]([c,CX4])([CX4!H0])[CX4H3,CX4H2,CX3,OX2H0]),$([CX3]=[CX3H]),$([SX4](=[OX1])(=[OX1])[c,CX4]),$([CX3](=[OX1])[c,CX4,OX2H0,NX3H1,NX3H0]):1]>>[OX1:56]=[CX2:55]=[NX2:45][*:1].[NX3H2:10][CX4:15]([*:12])([C:13])[*:11]	.			[OX1:56]=[CX2:55]=[NX2:45][c,CX4H3,$([CX4H2][c,CX4,CX3,OX2H0]),$([CX4H1]([c,CX4])[CX4!H0,CX3,OX2H0]),$([CX4H0]([c,CX4])([CX4!H0])[CX4H3,CX4H2,CX3,OX2H0]),$([CX3]=[CX3H]),$([SX4](=[OX1])(=[OX1])[c,CX4]),$([CX3](=[OX1])[c,CX4,OX2H0,NX3H1,NX3H0]):1].[NX3H2:10][CX4:15]([CX4H3,CX4H2,OH0R:12])([CX4H3,CX4H2:13])[CX4H3,CX4H2,CX3,c:11]>>[OX1:56]=[CX3:55]([NX3H:10][CX4:15]([*:12])([*:13])[*:11])[NX3H:45][*:1]	std		NA	
14	Addition of amines to isocyanates	[OX1:56]=[CX3:55](!@[NX3:10]([c,CX4H3,CX4H2,$([CX4H]([CX4])[CX4!H0,CX3]),$([CX4]([CX4])([CX4!H0])[CX4H3,CX4H2,CX3]):16])[CX4H3,CX4H2,$([CX4H]([CX4!H0])[CX4H3,CX4H2,CX3]):11])[NX3H:45][c,CX4H3,$([CX4H2][c,CX4,CX3,OX2H0]),$([CX4H1]([c,CX4])[CX4!H0,CX3,OX2H0]),$([CX4H0]([c,CX4])([CX4!H0])[CX4H3,CX4H2,CX3,OX2H0]),$([CX3]=[CX3H]),$([SX4](=[OX1])(=[OX1])[c,CX4]),$([CX3](=[OX1])[c,CX4,OX2H0,NX3H1,NX3H0]):1]>>[OX1:56]=[CX2:55]=[NX2:45][*:1].[NX3H:10]([*:16])[*:11]	.			[OX1:56]=[CX2:55]=[NX2:45][c,CX4H3,$([CX4H2][c,CX4,CX3,OX2H0]),$([CX4H1]([c,CX4])[CX4!H0,CX3,OX2H0]),$([CX4H0]([c,CX4])([CX4!H0])[CX4H3,CX4H2,CX3,OX2H0]),$([CX3]=[CX3H]),$([SX4](=[OX1])(=[OX1])[c,CX4]),$([CX3](=[OX1])[c,CX4,OX2H0,NX3H1,NX3H0]):1].[NX3H:10]([c,CX4H3,CX4H2,$([CX4H]([CX4])[CX4!H0,CX3]),$([CX4]([CX4])([CX4!H0])[CX4H3,CX4H2,CX3]):16])[CX4H3,CX4H2,$([CX4H]([CX4!H0])[CX4H3,CX4H2,CX3]):11]>>[OX1:56]=[CX3:55]([NX3:10]([*:16])[*:11])[NX3H:45][*:1]	std		NA	
15	Sulfonylation	[#6!$([CX4H3,$([CX4H2][CX4H3]),$([CX4H2][CX4H2][CX4H3]),$([CX4H2][CX4H2][CX4H2][CX4H3]),$([CX4H]([CX4H3])[CX4H3]),$([CX4H0]([CX4H3])([CX4H3])[CX4H3]),$([CX4H]([CX4H3])[CX4H2][CX4H3])]):1][SX4:2](=[OX1:3])(=[OX1:4])!@[NX3:5]([CX4,c:6])[CX4!H0:7].[ClH:8]>>[NX3H:5]([*:6])[C:7].[*:1][SX4:2](=[OX1:3])(=[OX1:4])[Cl:8]	.Cl		[CX4,c][NH][CX4!H0]	[NX3H:5]([CX4,c:6])[CX4!H0:7].[#6!$([CX4H3,$([CX4H2][CX4H3]),$([CX4H2][CX4H2][CX4H3]),$([CX4H2][CX4H2][CX4H2][CX4H3]),$([CX4H]([CX4H3])[CX4H3]),$([CX4H0]([CX4H3])([CX4H3])[CX4H3]),$([CX4H]([CX4H3])[CX4H2][CX4H3])]):1][SX4:2](=[OX1:3])(=[OX1:4])[Cl:8]>>[*:1][SX4:2](=[OX1:3])(=[OX1:4])[NX3:5]([*:6])[C:7].[Cl:8]	ext	1	NA	
16	Sulfonylation	[#6!$([CX4H3,$([CX4H2][CX4H3]),$([CX4H2][CX4H2][CX4H3]),$([CX4H2][CX4H2][CX4H2][CX4H3]),$([CX4H]([CX4H3])[CX4H3]),$([CX4H0]([CX4H3])([CX4H3])[CX4H3]),$([CX4H]([CX4H3])[CX4H2][CX4H3])]):1][SX4:2](=[OX1:3])(=[OX1:4])!@[NX3H:5][CX4!H3,c:6].[ClH:8]>>[NX3H2:5][*:6].[*:1][SX4:2](=[OX1:3])(=[OX1:4])[Cl:8]	.Cl		[CX4,c][NH2]	[NX3H2:5][CX4!H3,c:6].[#6!$([CX4H3,$([CX4H2][CX4H3]),$([CX4H2][CX4H2][CX4H3]),$([CX4H2][CX4H2][CX4H2][CX4H3]),$([CX4H]([CX4H3])[CX4H3]),$([CX4H0]([CX4H3])([CX4H3])[CX4H3]),$([CX4H]([CX4H3])[CX4H2][CX4H3])]):1][SX4:2](=[OX1:3])(=[OX1:4])[Cl:8]>>[*:1][SX4:2](=[OX1:3])(=[OX1:4])!@[NX3H:5][*:6].[ClH:8]	ext	1	NA	
17	C-S coupling	[c:55]!@[SX2:56][c:57].[Br:58]>>[c:55][Br:58].[SX2H:56][c:57]	.Br			[c:55][Br:58].[SX2H:56][c,CX4H2,CH3,$([CX4H]([NX3])([#6])[#6]),$([CX4]([NX3])([#6])([#6])[#6]):57]>>[c:55][SX2:56][*:57].[Br:58]	ext	1	NA	
18	Sonogashira coupling	[c:55]!@[CX2:57]#[CX2:58][CX4,c:59].[Br:60]>>[c:55][Br:60].[CX2H:57]#[CX2:58][*:59]	.Br			[c:55][Br:60].[CX2H:57]#[CX2:58][CX4,c:59]>>[c:55][CX2:57]#[CX2:58][*:59].[Br:60]	ext	1	NA	
19	aryl-C(=O)-aryl disconnection	[c:55]!@[CX3:56](=[OX1:57])[c:59].[Br:60].[B:5]([O:6])[O:7]>>[c:55][Br:60].[c:59][B:5]([O:6])[O:7].[C:56]=[OX1:57]	.Br.B(O)O			[c:55][Br:60].[c:59][B:5]([OH:6])[OH:7].[C:56]=[OX1:57]>>[c:55][CX3:56](=[OX1:57])[c:59].[Br:60].[B:5]([O:6])[O:7]	ext	1.2	NA	
20	aryl-C(=O)-aryl disconnection	[c:1]1[c:2][CX4H0:3][c:4][c:5][CX3:6]1=[O:7].[Br:60].[B:55]([O:56])[O:57]>>[Br:60][c:1][c:2][B:55]([O:56])[O:57].[C:3][c:4][c:5][CX3:6]=[O:7]	.Br.B(O)O				ext	1	NA	
21	aryl-C(=O)-aryl disconnection	[c:1]1[c:2][CX4H0:3][c:4][c:5][CX3:6]1=[O:7].[Br:60].[B:55]([O:56])[O:57]>>[c:1]([B:55]([O:56])[O:57])[c:2][Br:60].[C:3][c:4][c:5][CX3:6]=[O:7]	.Br.B(O)O				ext	1	NA	
22	aryl sp3 coupling	[c:1]!@[CX4H2$([CH2]([c])[CX4,CX3$(C=C),c]):7].[Br:2].[OH:4][B:5][OH:6]>>[c:1][Br:2].[O:4][B:5]([O:6])[C:7]	.Br.B(O)O			[c:55][Br:60].[$([CX4H2]([CX4!H3,c,CX3,CX2])[c]),$([CX4H]([CX4!H3,CX3,CX2,$([CX4H3][CX4H][CX4!H3,CX3,CX2])])([CX4!H3,CX3,CX2,$([CX4H3][CX4H][CX4!H3,CX3,CX2])])[c]),$([CX4H0]([CX4!H3,CX3,CX2,$([CX4H3][CX4H0]([CX4,CX4,CX2])[CX4!H3,CX3,CX2])])([CX4!H3,CX3,CX2,$([CX4H3][CX4H0]([CX4,CX4,CX2])[CX4!H3,CX3,CX2])])([CX4!H3,CX3,CX2,$([CX4H3][CX4H0]([CX4,CX4,CX2])[CX4!H3,CX3,CX2])])[c]):56][BX3:5]([OH:6])[OH:7]>>[c:55][C:56].[Br:60].[B:5]([O:6])[O:7]	std		NA	
23	aryl sp3 coupling	[c:1]!@[CX4H2$([CH2]([c])[CX4,CX3$(C=C),c,C$(C(=O)[CX4,c,OX2H0,NX3!H2]),C$(C(=NO[CX4]3)[CX4]3)]):7].[Br:2].[OH:4][BX3:5][OH:6]>>[O:4][B:5]([O:6])[c:1].[Br:2][C:7]	.Br.B(O)O			[c:55][BX3:5]([OH:6])[OH:7].[$([CX4H2]([CX4!H3,c,CX3,CX2])[c]),$([CX4H]([CX4!H3,CX3,CX2,$([CX4H3][CX4H][CX4!H3,CX3,CX2])])([CX4!H3,CX3,CX2,$([CX4H3][CX4H][CX4!H3,CX3,CX2])])[c]),$([CX4H0]([CX4!H3,CX3,CX2,$([CX4H3][CX4H0]([CX4,CX4,CX2])[CX4!H3,CX3,CX2])])([CX4!H3,CX3,CX2,$([CX4H3][CX4H0]([CX4,CX4,CX2])[CX4!H3,CX3,CX2])])([CX4!H3,CX3,CX2,$([CX4H3][CX4H0]([CX4,CX4,CX2])[CX4!H3,CX3,CX2])])[c]):56][Br:60]>>[c:55][C:56].[Br:60].[B:5]([O:6])[O:7]	std		NA	
24	aryl sp3 coupling	[c:1]!@[CX4H1$([CH]([c])([CX4,c,NX3$(NC(=O)[CX4,c,OX2H0]),SiX4])[CX4H2,CX4H3,c]):7].[Br:2].[OH:4][B:5][OH:6]>>[c:1][Br:2].[O:4][B:5]([O:6])[C:7]	.Br.B(O)O			[c:55][Br:60].[$([CX4H2]([CX4!H3,c,CX3,CX2])[c]),$([CX4H]([CX4!H3,CX3,CX2,$([CX4H3][CX4H][CX4!H3,CX3,CX2])])([CX4!H3,CX3,CX2,$([CX4H3][CX4H][CX4!H3,CX3,CX2])])[c]),$([CX4H0]([CX4!H3,CX3,CX2,$([CX4H3][CX4H0]([CX4,CX4,CX2])[CX4!H3,CX3,CX2])])([CX4!H3,CX3,CX2,$([CX4H3][CX4H0]([CX4,CX4,CX2])[CX4!H3,CX3,CX2])])([CX4!H3,CX3,CX2,$([CX4H3][CX4H0]([CX4,CX4,CX2])[CX4!H3,CX3,CX2])])[c]):56][BX3:5]([OH:6])[OH:7]>>[c:55][C:56].[Br:60].[B:5]([O:6])[O:7]	std		NA	
25	aryl sp3 coupling	[c:1]!@[CX4H1$([CH]([c])([CX4,c])[CX4H2,CX4H3,c,CX$(C=C),C$(C(=O)[CX4,c,OX2H0,NX3!H2])]):7].[Br:2].[OH:4][BX3:5][OH:6]>>[O:4][B:5]([O:6])[c:1].[Br:2][C:7]	.Br.B(O)O			[c:55][BX3:5]([OH:6])[OH:7].[$([CX4H2]([CX4!H3,c,CX3,CX2])[c]),$([CX4H]([CX4!H3,CX3,CX2,$([CX4H3][CX4H][CX4!H3,CX3,CX2])])([CX4!H3,CX3,CX2,$([CX4H3][CX4H][CX4!H3,CX3,CX2])])[c]),$([CX4H0]([CX4!H3,CX3,CX2,$([CX4H3][CX4H0]([CX4,CX4,CX2])[CX4!H3,CX3,CX2])])([CX4!H3,CX3,CX2,$([CX4H3][CX4H0]([CX4,CX4,CX2])[CX4!H3,CX3,CX2])])([CX4!H3,CX3,CX2,$([CX4H3][CX4H0]([CX4,CX4,CX2])[CX4!H3,CX3,CX2])])[c]):56][Br:60]>>[c:55][C:56].[Br:60].[B:5]([O:6])[O:7]	ext	1	NA	
26	esterification	[#6:1][CX3:2](=[OX1:3])[OX2:4][CX4!$([CX4H3,$([CX4H2][CX4H3]),$([CX4H2][CX4H2][CX4H3]),$([CX4H2][CX4H2][CX4H2][CX4H3]),$([CX4H]([CX4H3])[CX4H3]),$([CX4H0]([CX4H3])([CX4H3])[CX4H3]),$([CX4H]([CX4H3])[CX4H2][CX4H3])]):5].[OX2H2:6]>>([#6:1][CX3:2](=[OX1:3])[OH:6].[OX2H:4][C:5])	.O			[#6:1][CX3:2](=[OX1:3])[OH:6].[OX2H:4][CX4!$([CX4H3,$([CX4H2][CX4H3]),$([CX4H2][CX4H2][CX4H3]),$([CX4H2][CX4H2][CX4H2][CX4H3]),$([CX4H]([CX4H3])[CX4H3]),$([CX4H0]([CX4H3])([CX4H3])[CX4H3]),$([CX4H]([CX4H3])[CX4H2][CX4H3])]):5]>>[#6:1][CX3:2](=[OX1:3])[OX2:4][C:5].[OX2H2:6]	ext	1	NA	
27	tertiary amine disconnection	[c:1]!@[N:2]([CX4H2,CH3,$([CX4H]([NX3])([#6])[#6]),$([CX4]([NX3])([#6])([#6])[#6]):6])!@[c:55].[Br:4].[Br:56]>>[NH2:2][*:6].[Br:4][c:1].[Br:56][c:55]	.Br.Br			[NH2:2][CX4H2,CH3,$([CX4H]([NX3])([#6])[#6]),$([CX4]([NX3])([#6])([#6])[#6]):6].[Br:4][c:1].[Br:56][c:55]>>[c:1][N:2]([C:6])[c:55].[Br:4].[Br:56]	ext	1.2.3	NA	
28	aromatic bromide alcohol	[c:1]!@[OX2:2][CX4!$([CX4H3,$([CX4H2][CX4H3]),$([CX4H2][CX4H2][CX4H3]),$([CX4H2][CX4H2][CX4H2][CX4H3]),$([CX4H]([CX4H3])[CX4H3]),$([CX4H0]([CX4H3])([CX4H3])[CX4H3]),$([CX4H0]([F,Cl])([F,Cl])[F,Cl]),$([CX4H]([CX4H3])[CX4H2][CX4H3])])CX4$([CX4H2,$([CX4H1]([CX4!H0])[CX4H2,CX4H3,CX3,c])][#6]):5].[Br:6]>>[c:1][Br:6].[OX2H:2][C:5]	.Br			[c:1][Br:6].[OX2H:2][CX4!$([CX4H3,$([CX4H2][CX4H3]),$([CX4H2][CX4H2][CX4H3]),$([CX4H2][CX4H2][CX4H2][CX4H3]),$([CX4H]([CX4H3])[CX4H3]),$([CX4H0]([CX4H3])([CX4H3])[CX4H3]),$([CX4H0]([F,Cl])([F,Cl])[F,Cl]),$([CX4H]([CX4H3])[CX4H2][CX4H3])]):5]>>[c:1]!@[OX2:2][C:5].[Br:6]	ext	1	NA	
29	pseudo amide	[#6:1][CR0:3](=[O:4])[NX3:5]([c:8])[CX4H1,CX4H0:7].[O:6]>>[#6:1][C:3](=[O:4])[O:6].[NX3H:5]([c:8])[*:7]	.O		[#6][CX3]([OH])(=O)	[#6:1][C:3](=[O:4])[OH:6].[NX3H:5]([c:8])[CX4H1,CX4H0:7]>>[#6:1][CR0:3](=[O:4])[NX3:5]([*:8])[CX4:7].[O:6]	ext	1	NA	
30	Sp3-Sp2 Coupling	[CH2,CH0$([CH0]([CX4H2,CX4H3,c,CX3H1$(C=C),CX3H0$(C([CH3])=C)])[CX4H2,CX4H3,c,CX3H1$(C=C),CX3H0$(C([CH3])=C)]),CH1R1$([CH][CX4,c,CX3,O$(O[CX4,c])]),CX3H0$(C([CX4H2,CX4H3,c])(@[CX4,c,CX3H1$(C=C)])=C(!@[CX4H2,CX4H1])@[CX4,c,O]):33]=[CH,CH0$([CH0]([CX4H2,CX4H1])[CX4,c]),CH0$([CH0][OR1][CX4,c]):1]!@[CX4H2$([CH2]([CX3])[CX4,CX3$(C=C),c]):7].[O:4][B:5][O:6].[Br:2]>>[C:33]=[C:1][Br:2].[OH:4][BX3:5]([OH:6])[C:7]	.OBO.Br			[CH2,CH0$([CH0]([CX4H2,CX4H3,c,CX3H1$(C=C),CX3H0$(C([CH3])=C)])[CX4H2,CX4H3,c,CX3H1$(C=C),CX3H0$(C([CH3])=C)]),CH1R1$([CH][CX4,c,CX3,O$(O[CX4,c])]),CX3H0$(C([CX4H2,CX4H3,c])(@[CX4,c,CX3H1$(C=C)])=C@[CX4,c,O]):33]=[CH,CH0$([CH0][CX4,c]),CH0$([CH0][OR1][CX4,c]):1][Br:2].[OH:4][BX3:5]([OH:6])[CX4H2$([CH2][CX4,CX3$(C=C),c]),CX4H1$([CH]([CX4,c])[CX4H2,CX4H3,c]):7]>>[C:33]=[C:1][C:7].[O:4][B:5][O:6].[Br-:2]	std		NA	
31	Sp3-Sp2 Coupling	[#6:45]/[CH1R0:33]=[CH,CH0$([CH0]([CX4H2,CX4H1])[CX4,c]):1]/!@[CX4H2$([CH2]([CX3])[CX4,CX3$(C=C),c]):7].[O:4][B:5][O:6].[Br:2]>>[*:45]/[C:33]=[C:1]/[Br:2].[OH:4][BX3:5]([OH:6])[C:7]	.OBO.Br			[#6:45]/[CH1R0:33]=[CH,CH0$([CH0][CX4,c]):1]/[Br:2].[OH:4][BX3:5]([OH:6])[CX4H2$([CH2][CX4,CX3$(C=C),c]),CX4H1$([CH]([CX4,c])[CX4H2,CX4H3,c]):7]>>[*:45]/[C:33]=[C:1]/[C:7].[O:4][B:5][O:6].[Br-:2]	std		NA	
32	Sp3-Sp2 Coupling	[CX4H2,CX4H3,c,CX3H1$(C=C),CX3H0$(C([CH3])=C):45]\[CH1R0:33]=[CH,CH0$([CH0]([CX4H2,CX4H1])[CX4,c]):1]/!@[CX4H2$([CH2]([CX3])[CX4,CX3$(C=C),c]):7].[O:4][B:5][O:6].[Br:2]>>[*:45]\[C:33]=[C:1]/[Br:2].[OH:4][BX3:5]([OH:6])[C:7]	.OBO.Br			[CX4H2,CX4H3,c,CX3H1$(C=C),CX3H0$(C([CH3])=C):45]\[CH1R0:33]=[CH,CH0$([CH0][CX4,c]):1]/[Br:2].[OH:4][BX3:5]([OH:6])[CX4H2$([CH2][CX4,CX3$(C=C),c]),CX4H1$([CH]([CX4,c])[CX4H2,CX4H3,c]):7]>>[*:45]\[C:33]=[C:1]/[C:7].[O:4][B:5][O:6].[Br-:2]	std		NA	
33	Sp3-Sp2 Coupling	[CH2,CH0$([CH0]([CX4H2,CX4H3,c,CX3H1$(C=C),CX3H0$(C([CH3])=C)])[CX4H2,CX4H3,c,CX3H1$(C=C),CX3H0$(C([CH3])=C)]),CH1R1$([CH][CX4,c,CX3,O$(O[CX4,c])]),CX3H0$(C([CX4H2,CX4H3,c])(@[CX4,c,CX3H1$(C=C)])=C(!@[CX4H2,CX4H1])@[CX4,c,O]):33]=[CH,CH0$([CH0]([CX4H2,CX4H1])[CX4,c]),CH0$([CH0][OR1][CX4,c]):1]!@[CX4H2$([CH2]([CX3])[CX4,CX3$(C=C),c]):7].[O:4][B:5][O:6].[Br:2]>>[C:33]=[C:1][BX3:5]([OH:6])[OH:4].[Br:2][C:7]	.OBO.Br			[CH2,CH0$([CH0]([CX4H2,CX4H3,c,CX3H1$(C=C),CX3H0$(C([CH3])=C)])[CX4H2,CX4H3,c,CX3H1$(C=C),CX3H0$(C([CH3])=C)]),CH1R1$([CH][CX4,c,CX3,O$(O[CX4,c])]),CX3H0$(C([CX4H2,CX4H3,c])(@[CX4,c,CX3H1$(C=C)])=C@[CX4,c,O]):33]=[CH,CH0$([CH0][CX4,c]),CH0$([CH0][OR1][CX4,c]):1][BX3:5]([OH:6])[OH:4].[Br:2][CX4H2$([CH2][CX4,CX3$(C=C),c]),CX4H1$([CH]([CX4,c])[CX4H2,CX4H3,c]):7]>>[C:33]=[C:1][C:7].[O:4][B:5][O:6].[Br-:2]	std		NA	
34	Sp3-Sp2 Coupling	[#6:45]/[CH1R0:33]=[CH,CH0$([CH0]([CX4H2,CX4H1])[CX4,c]):1]/!@[CX4H2$([CH2]([CX3])[CX4,CX3$(C=C),c]):7].[O:4][B:5][O:6].[Br:2]>>[*:45]/[C:33]=[C:1]/[BX3:5]([OH:6])[OH:4].[Br:2][C:7]	.OBO.Br			[#6:45]/[CH1R0:33]=[CH,CH0$([CH0][CX4,c]):1]/[BX3:5]([OH:6])[OH:4].[Br:2][CX4H2$([CH2][CX4,CX3$(C=C),c]),CX4H1$([CH]([CX4,c])[CX4H2,CX4H3,c]):7]>>[*:45]/[C:33]=[C:1]/[C:7].[O:4][B:5][O:6].[Br-:2]	std		NA	
35	Sp3-Sp2 Coupling	[CX4H2,CX4H3,c,CX3H1$(C=C),CX3H0$(C([CH3])=C):45]\[CH1R0:33]=[CH,CH0$([CH0]([CX4H2,CX4H1])[CX4,c]):1]/!@[CX4H2$([CH2]([CX3])[CX4,CX3$(C=C),c]):7].[O:4][B:5][O:6].[Br:2]>>[*:45]\[C:33]=[C:1]/[BX3:5]([OH:6])[OH:4].[Br:2][C:7]	.OBO.Br			[CX4H2,CX4H3,c,CX3H1$(C=C),CX3H0$(C([CH3])=C):45]\[CH1R0:33]=[CH,CH0$([CH0][CX4,c]):1]/[BX3:5]([OH:6])[OH:4].[Br:2][CX4H2$([CH2][CX4,CX3$(C=C),c]),CX4H1$([CH]([CX4,c])[CX4H2,CX4H3,c]):7]>>[*:45]\[C:33]=[C:1]/[C:7].[O:4][B:5][O:6].[Br-:2]	std		NA	
36	Sp3-Sp2 Coupling	[CH2,CH0$([CH0]([CX4H2,CX4H3,c,CX3H1$(C=C),CX3H0$(C([CH3])=C)])[CX4H2,CX4H3,c,CX3H1$(C=C),CX3H0$(C([CH3])=C)]),CH1R1$([CH][CX4,c,CX3,O$(O[CX4,c])]),CX3H0$(C([CX4H2,CX4H3,c])(@[CX4,c,CX3H1$(C=C)])=C(!@[CX4H2,CX4H1])@[CX4,c,O]):33]=[CH,CH0$([CH0]([CX4H2,CX4H1])[CX4,c]),CH0$([CH0][OR1][CX4,c]):1]!@[CX4H1$([CH]([CX3])([CX4,c])[CX4H2,CX4H3,c]):7].[O:4][B:5][O:6].[Br:2]>>[C:33]=[C:1][Br:2].[OH:4][BX3:5]([OH:6])[C:7]	.OBO.Br			[CH2,CH0$([CH0]([CX4H2,CX4H3,c,CX3H1$(C=C),CX3H0$(C([CH3])=C)])[CX4H2,CX4H3,c,CX3H1$(C=C),CX3H0$(C([CH3])=C)]),CH1R1$([CH][CX4,c,CX3,O$(O[CX4,c])]),CX3H0$(C([CX4H2,CX4H3,c])(@[CX4,c,CX3H1$(C=C)])=C@[CX4,c,O]):33]=[CH,CH0$([CH0][CX4,c]),CH0$([CH0][OR1][CX4,c]):1][Br:2].[OH:4][BX3:5]([OH:6])[CX4H2$([CH2][CX4,CX3$(C=C),c]),CX4H1$([CH]([CX4,c])[CX4H2,CX4H3,c]):7]>>[C:33]=[C:1][C:7].[O:4][B:5][O:6].[Br-:2]	std		NA	
37	Sp3-Sp2 Coupling	[#6:45]/[CH1R0:33]=[CH,CH0$([CH0]([CX4H2,CX4H1])[CX4,c]):1]/!@[CX4H1$([CH]([CX3])([CX4,c])[CX4H2,CX4H3,c]):7].[O:4][B:5][O:6].[Br:2]>>[*:45]/[C:33]=[C:1]/[Br:2].[OH:4][BX3:5]([OH:6])[C:7]	.OBO.Br			[#6:45]/[CH1R0:33]=[CH,CH0$([CH0][CX4,c]):1]/[Br:2].[OH:4][BX3:5]([OH:6])[CX4H2$([CH2][CX4,CX3$(C=C),c]),CX4H1$([CH]([CX4,c])[CX4H2,CX4H3,c]):7]>>[*:45]/[C:33]=[C:1]/[C:7].[O:4][B:5][O:6].[Br-:2]	std		NA	
38	Sp3-Sp2 Coupling	[CX4H2,CX4H3,c,CX3H1$(C=C),CX3H0$(C([CH3])=C):45]\[CH1R0:33]=[CH,CH0$([CH0]([CX4H2,CX4H1])[CX4,c]):1]/!@[CX4H1$([CH]([CX3])([CX4,c])[CX4H2,CX4H3,c]):7].[O:4][B:5][O:6].[Br:2]>>[*:45]\[C:33]=[C:1]/[Br:2].[OH:4][BX3:5]([OH:6])[C:7]	.OBO.Br			[CX4H2,CX4H3,c,CX3H1$(C=C),CX3H0$(C([CH3])=C):45]\[CH1R0:33]=[CH,CH0$([CH0][CX4,c]):1]/[Br:2].[OH:4][BX3:5]([OH:6])[CX4H2$([CH2][CX4,CX3$(C=C),c]),CX4H1$([CH]([CX4,c])[CX4H2,CX4H3,c]):7]>>[*:45]\[C:33]=[C:1]/[C:7].[O:4][B:5][O:6].[Br-:2]	std		NA	
39	Sp3-Sp2 Coupling	[CH2,CH0$([CH0]([CX4H2,CX4H3,c,CX3H1$(C=C),CX3H0$(C([CH3])=C)])[CX4H2,CX4H3,c,CX3H1$(C=C),CX3H0$(C([CH3])=C)]),CH1R1$([CH][CX4,c,CX3,O$(O[CX4,c])]),CX3H0$(C([CX4H2,CX4H3,c])(@[CX4,c,CX3H1$(C=C)])=C(!@[CX4H2,CX4H1])@[CX4,c,O]):33]=[CH,CH0$([CH0]([CX4H2,CX4H1])[CX4,c]),CH0$([CH0][OR1][CX4,c]):1]!@[CX4H1$([CH]([CX3])([CX4,c])[CX4H2,CX4H3,c]):7].[O:4][B:5][O:6].[Br:2]>>[C:33]=[C:1][BX3:5]([OH:6])[OH:4].[Br:2][C:7]	.OBO.Br			[CH2,CH0$([CH0]([CX4H2,CX4H3,c,CX3H1$(C=C),CX3H0$(C([CH3])=C)])[CX4H2,CX4H3,c,CX3H1$(C=C),CX3H0$(C([CH3])=C)]),CH1R1$([CH][CX4,c,CX3,O$(O[CX4,c])]),CX3H0$(C([CX4H2,CX4H3,c])(@[CX4,c,CX3H1$(C=C)])=C@[CX4,c,O]):33]=[CH,CH0$([CH0][CX4,c]),CH0$([CH0][OR1][CX4,c]):1][BX3:5]([OH:6])[OH:4].[Br:2][CX4H2$([CH2][CX4,CX3$(C=C),c]),CX4H1$([CH]([CX4,c])[CX4H2,CX4H3,c]):7]>>[C:33]=[C:1][C:7].[O:4][B:5][O:6].[Br-:2]	ext		NA	
40	Sp3-Sp2 Coupling	[#6:45]/[CH1R0:33]=[CH,CH0$([CH0]([CX4H2,CX4H1])[CX4,c]):1]/!@[CX4H1$([CH]([CX3])([CX4,c])[CX4H2,CX4H3,c]):7].[O:4][B:5][O:6].[Br:2]>>[*:45]/[C:33]=[C:1]/[BX3:5]([OH:6])[OH:4].[Br:2][C:7]	.OBO.Br			[#6:45]/[CH1R0:33]=[CH,CH0$([CH0][CX4,c]):1]/[BX3:5]([OH:6])[OH:4].[Br:2][CX4H2$([CH2][CX4,CX3$(C=C),c]),CX4H1$([CH]([CX4,c])[CX4H2,CX4H3,c]):7]>>[*:45]/[C:33]=[C:1]/[C:7].[O:4][B:5][O:6].[Br-:2]	ext		NA	
41	Sp3-Sp2 Coupling	[CX4H2,CX4H3,c,CX3H1$(C=C),CX3H0$(C([CH3])=C):45]\[CH1R0:33]=[CH,CH0$([CH0]([CX4H2,CX4H1])[CX4,c]):1]/!@[CX4H1$([CH]([CX3])([CX4,c])[CX4H2,CX4H3,c]):7].[O:4][B:5][O:6].[Br:2]>>[*:45]\[C:33]=[C:1]/[BX3:5]([OH:6])[OH:4].[Br:2][C:7]	.OBO.Br			[CX4H2,CX4H3,c,CX3H1$(C=C),CX3H0$(C([CH3])=C):45]\[CH1R0:33]=[CH,CH0$([CH0][CX4,c]):1]/[BX3:5]([OH:6])[OH:4].[Br:2][CX4H2$([CH2][CX4,CX3$(C=C),c]),CX4H1$([CH]([CX4,c])[CX4H2,CX4H3,c]):7]>>[*:45]\[C:33]=[C:1]/[C:7].[O:4][B:5][O:6].[Br-:2]	ext		NA	
42	suzuki	[c!$(c(c-*~C=1)(-C1))!$(c(c-*~*~C=1)(-C1))!$(c(cc-*~C=1)(-C1))!$(c(c-*~*~*~C=1)(-C1))!$(c(cc-*~*~C=1)(-C1))!$(c(c-*~*~*~*~C=1)(-C1))!$(c(cc-*~*~*~C=1)(-C1)):3]/[CX3H:8]=[CX3H:9]/[#6,SiX4,PX4H0,$([BX3]1[OX2][CX3](=[OX1])[CX4][NX3]([CX4H3])[CX4][CX3](=[OX1])[OX2]1):10].[BH:4]([OH:5])[OH:6].[Br:7]>>([c:3][B:4]([OH:5])[OH:6].[Br:7]/[CX3H:8]=[CX3H:9]/[*:10])	.OBO.Br				std		NA	
43	suzuki	[c!$(c(c-*~C=1)(-C1))!$(c(c-*~*~C=1)(-C1))!$(c(cc-*~C=1)(-C1))!$(c(c-*~*~*~C=1)(-C1))!$(c(cc-*~*~C=1)(-C1))!$(c(c-*~*~*~*~C=1)(-C1))!$(c(cc-*~*~*~C=1)(-C1)):3][CX3H:8]=[CX3H:9][#6,SiX4,PX4H0,$([BX3]1[OX2][CX3](=[OX1])[CX4][NX3]([CX4H3])[CX4][CX3](=[OX1])[OX2]1):10].[BH:4]([OH:5])[OH:6].[Br:7]>>([c:3][B:4]([OH:5])[OH:6].[Br:7][CX3H:8]=[CX3H:9][*:10])	.OBO.Br				std		NA	
44	suzuki	[c!$(c(c-*~C=1)(-C1))!$(c(c-*~*~C=1)(-C1))!$(c(cc-*~C=1)(-C1))!$(c(c-*~*~*~C=1)(-C1))!$(c(cc-*~*~C=1)(-C1))!$(c(c-*~*~*~*~C=1)(-C1))!$(c(cc-*~*~*~C=1)(-C1)):3]/[CX3H:18]=[CX3H:19]/[#6,SiX4,PX4H0,Br,$([BX3]1[OX2][CX3](=[OX1])[CX4][NX3]([CX4H3])[CX4][CX3](=[OX1])[OX2]1):20].[BH:4]1[O:5][C:7]([CH3:8])([CH3:9])[C:10]([CH3:11])([CH3:12])[O:6]1.[Br:17]>>([c:3][B:4]1[O:5][C:7]([CH3:8])([CH3:9])[C:10]([CH3:11])([CH3:12])[O:6]1.[Br:17]/[CX3H:18]=[CX3H:19]/[*:20])	.OBO.Br				std		NA	
45	suzuki	[c!$(c(c-*~C=1)(-C1))!$(c(c-*~*~C=1)(-C1))!$(c(cc-*~C=1)(-C1))!$(c(c-*~*~*~C=1)(-C1))!$(c(cc-*~*~C=1)(-C1))!$(c(c-*~*~*~*~C=1)(-C1))!$(c(cc-*~*~*~C=1)(-C1)):3]\[CX3H:8]=[CX3H:9]/[CX4!H0,c,CX3,CX2,SiX4,PX4H0,$([BX3]1[OX2][CX3](=[OX1])[CX4][NX3]([CX4H3])[CX4][CX3](=[OX1])[OX2]1):10].[BH:4]([OH:5])[OH:6].[Br:7]>>([c:3][B:4]([OH:5])[OH:6].[Br:7]\[CX3H:8]=[CX3H:9]/[*:10])	.OBO.Br				std		NA	
46	suzuki	[c!$(c(c-*~C=1)(-C1))!$(c(c-*~*~C=1)(-C1))!$(c(cc-*~C=1)(-C1))!$(c(c-*~*~*~C=1)(-C1))!$(c(cc-*~*~C=1)(-C1))!$(c(c-*~*~*~*~C=1)(-C1))!$(c(cc-*~*~*~C=1)(-C1)):3]\[CX3H:18]=!@[CX3H:19]/[CX4!H0,c,CX3,CX2,SiX4,PX4H0,$([BX3]1[OX2][CX3](=[OX1])[CX4][NX3]([CX4H3])[CX4][CX3](=[OX1])[OX2]1):20].[BH:4]1[O:5][C:7]([CH3:8])([CH3:9])[C:10]([CH3:11])([CH3:12])[O:6]1.[Br:17]>>([c:3][B:4]1[O:5][C:7]([CH3:8])([CH3:9])[C:10]([CH3:11])([CH3:12])[O:6]1.[Br:17]\[CX3H:18]=[CX3H:19]/[*:20])	.OBO.Br				std		NA	
47	suzuki	[c!$(c(c-*~C=1)(-C1))!$(c(c-*~*~C=1)(-C1))!$(c(cc-*~C=1)(-C1))!$(c(c-*~*~*~C=1)(-C1))!$(c(cc-*~*~C=1)(-C1))!$(c(c-*~*~*~*~C=1)(-C1))!$(c(cc-*~*~*~C=1)(-C1)):3][CX3H:8]=[CX3H2:9].[BH$(B([OH])[OH]),BH$(B4OC([CH3])([CH3])C([CH3])([CH3])O4):4]([O:5])[O:6].[Br:7]>>([c:3][B:4]([OH:5])[OH:6].[Br:7][C:8]=[C:9])	.OBO.Br				std		NA	
48	suzuki	[c!$(c(c-*~C=1)(-C1))!$(c(c-*~*~C=1)(-C1))!$(c(cc-*~C=1)(-C1))!$(c(c-*~*~*~C=1)(-C1))!$(c(cc-*~*~C=1)(-C1))!$(c(c-*~*~*~*~C=1)(-C1))!$(c(cc-*~*~*~C=1)(-C1)):3][CX3H:8]=[CX3H2:9].[BH$(B([OH])[OH]),BH$(B4OC([CH3])([CH3])C([CH3])([CH3])O4):4]([O:5])[O:6].[Br:7].[Br:10]>>([c:3][B:4]([OH:5])[OH:6].[Br:7][C:8][C:9][Br:10])	.OBO.Br				std		NA	
49	suzuki	[c!$(c(c-*~C=1)(-C1))!$(c(c-*~*~C=1)(-C1))!$(c(cc-*~C=1)(-C1))!$(c(c-*~*~*~C=1)(-C1))!$(c(cc-*~*~C=1)(-C1))!$(c(c-*~*~*~*~C=1)(-C1))!$(c(cc-*~*~*~C=1)(-C1)):3][CX3:8]([CX4,c,CX3,CX2,PX4H0,SiX4H0,$([BX3]1[OX2][CX3](=[OX1])[CX4][NX3]([CX4H3])[CX4][CX3](=[OX1])[OX2]1):10])=[CX3H2:9].[BH$(B([OH])[OH]),BH$(B4OC([CH3])([CH3])C([CH3])([CH3])O4):4]([O:5])[O:6].[Br:7]>>([c:3][B:4]([OH:5])[OH:6].[Br:7][C:8]([*:10])=[C:9])	.OBO.Br				std		NA	
50	suzuki	[c!$(c(c-*~C=1)(-C1))!$(c(c-*~*~C=1)(-C1))!$(c(cc-*~C=1)(-C1))!$(c(c-*~*~*~C=1)(-C1))!$(c(cc-*~*~C=1)(-C1))!$(c(c-*~*~*~*~C=1)(-C1))!$(c(cc-*~*~*~C=1)(-C1)):3][CX3:8]([C:10]([F:11])([F:12])([F,CX4H2,CX4H3:13]))=[CX3H2:9].[BH$(B([OH])[OH]),BH$(B4OC([CH3])([CH3])C([CH3])([CH3])O4):4]([O:5])[O:6].[Br:7]>>([c:3][B:4]([OH:5])[OH:6].[Br:7][C:8]([C:10]([F:11])([F:12])([*:13]))=[C:9])	.OBO.Br				std		NA	
51	suzuki	[c!$(c(c-*~C=1)(-C1))!$(c(c-*~*~C=1)(-C1))!$(c(cc-*~C=1)(-C1))!$(c(c-*~*~*~C=1)(-C1))!$(c(cc-*~*~C=1)(-C1))!$(c(c-*~*~*~*~C=1)(-C1))!$(c(cc-*~*~*~C=1)(-C1)):3][CX3:8]([SX4,SX3:10](=[O:11])[CX4,c:13])=[CX3H2:9].[BH$(B([OH])[OH]),BH$(B4OC([CH3])([CH3])C([CH3])([CH3])O4):4]([O:5])[O:6].[Br:7]>>([c:3][B:4]([OH:5])[OH:6].[Br:7][C:8]([SX4:10](=[O:11])[*:13])=[C:9])	.OBO.Br				std		NA	
52	suzuki	[c!$(c(c-*~C=1)(-C1))!$(c(c-*~*~C=1)(-C1))!$(c(cc-*~C=1)(-C1))!$(c(c-*~*~*~C=1)(-C1))!$(c(cc-*~*~C=1)(-C1))!$(c(c-*~*~*~*~C=1)(-C1))!$(c(cc-*~*~*~C=1)(-C1)):3]/[CX3:8]([CX4,c,CX3,CX2,PX4H0,SiX4H0:10])=[CX3H:9]\[CX4!H0,c,CX3,CX2,n,$([BX3]1[OX2][CX3](=[OX1])[CX4][NX3]([CX4H3])[CX4][CX3](=[OX1])[OX2]1):11].[BH$(B([OH])[OH]),BH$(B4OC([CH3])([CH3])C([CH3])([CH3])O4):4]([O:5])[O:6].[Br:7]>>([c:3][B:4]([OH:5])[OH:6].[Br:7]/[C:8]([*:10])=[C:9]\[*:11])	.OBO.Br				std		NA	
53	suzuki	[c!$(c(c-*~C=1)(-C1))!$(c(c-*~*~C=1)(-C1))!$(c(cc-*~C=1)(-C1))!$(c(c-*~*~*~C=1)(-C1))!$(c(cc-*~*~C=1)(-C1))!$(c(c-*~*~*~*~C=1)(-C1))!$(c(cc-*~*~*~C=1)(-C1)):3]/[CX3:8]([CX4,c,CX3,CX2,PX4H0,SiX4H0:10])=[CX3H:9]/[#6,F,$([BX3]1[OX2][CX3](=[OX1])[CX4][NX3]([CX4H3])[CX4][CX3](=[OX1])[OX2]1):11].[BH$(B([OH])[OH]),BH$(B4OC([CH3])([CH3])C([CH3])([CH3])O4):4]([O:5])[O:6].[Br:7]>>([c:3][B:4]([OH:5])[OH:6].[Br:7]/[C:8]([*:10])=[C:9]/[*:11])	.OBO.Br				std		NA	
54	suzuki	[c!$(c(c-*~C=1)(-C1))!$(c(c-*~*~C=1)(-C1))!$(c(cc-*~C=1)(-C1))!$(c(c-*~*~*~C=1)(-C1))!$(c(cc-*~*~C=1)(-C1))!$(c(c-*~*~*~*~C=1)(-C1))!$(c(cc-*~*~*~C=1)(-C1)):3]/[CX3:8]([CX4,c,CX3,CX2:10])=[CX3H:9]\[O:11][CX4,PX4:12].[BH$(B([OH])[OH]),BH$(B4OC([CH3])([CH3])C([CH3])([CH3])O4):4]([O:5])[O:6].[Br:7]>>([c:3][B:4]([OH:5])[OH:6].[Br:7]/[C:8]([*:10])=[C:9]\[O:11][*:12])	.OBO.Br				std		NA	
55	suzuki	[c!$(c(c-*~C=1)(-C1))!$(c(c-*~*~C=1)(-C1))!$(c(cc-*~C=1)(-C1))!$(c(c-*~*~*~C=1)(-C1))!$(c(cc-*~*~C=1)(-C1))!$(c(c-*~*~*~*~C=1)(-C1))!$(c(cc-*~*~*~C=1)(-C1)):3]/[CX3:8]([CX4:10])=[CX3H:9]/[S:11](=[O:12])(=[O:13])[CX4,c:14].[BH$(B([OH])[OH]),BH$(B4OC([CH3])([CH3])C([CH3])([CH3])O4):4]([O:5])[O:6].[Br:7]>>([c:3][B:4]([OH:5])[OH:6].[Br:7]/[C:8]([*:10])=[C:9]/[S:11](=[O:12])(=[O:13])[*:14])	.OBO.Br				std		NA	
56	suzuki	[#6:76]/[CX3H:75]=[CX3H:74]/[c!$(c(c-*~C=1)(-C1))!$(c(c-*~*~C=1)(-C1))!$(c(cc-*~C=1)(-C1))!$(c(c-*~*~*~C=1)(-C1))!$(c(cc-*~*~C=1)(-C1))!$(c(c-*~*~*~*~C=1)(-C1))!$(c(cc-*~*~*~C=1)(-C1)):1].[BX3H$(B([OH])[OH]),BH$(B4OC([CH3])([CH3])C([CH3])([CH3])O4):2]([O:3])[O:4].[Br:13]>>([*:76]/[C:75]=[C:74]/[B:2]([O:3])[O:4].[Br:13][c:1])	.OBO.Br				std		NA	
57	suzuki	[CX4H2,CX4H3,c,CX3,CX2:76]\[CX3H:75]=[CX3H:74]/[c!$(c(c-*~C=1)(-C1))!$(c(c-*~*~C=1)(-C1))!$(c(cc-*~C=1)(-C1))!$(c(c-*~*~*~C=1)(-C1))!$(c(cc-*~*~C=1)(-C1))!$(c(c-*~*~*~*~C=1)(-C1))!$(c(cc-*~*~*~C=1)(-C1)):1].[BX3H$(B([OH])[OH]),BH$(B4OC([CH3])([CH3])C([CH3])([CH3])O4):2]([O:3])[O:4].[Br:13]>>([*:76]\[C:75]=[C:74]/[B:2]([O:3])[O:4].[Br:13][c:1])	.OBO.Br				std		NA	
58	suzuki	[CX3H2:75]=[CX3:74]([CX4,c:77])[c!$(c(c-*~C=1)(-C1))!$(c(c-*~*~C=1)(-C1))!$(c(cc-*~C=1)(-C1))!$(c(c-*~*~*~C=1)(-C1))!$(c(cc-*~*~C=1)(-C1))!$(c(c-*~*~*~*~C=1)(-C1))!$(c(cc-*~*~*~C=1)(-C1)):1].[BX3H$(B([OH])[OH]),BH$(B4OC([CH3])([CH3])C([CH3])([CH3])O4):2]([O:3])[O:4].[Br:13]>>([C:75]=[CX:74]([*:77])[B:2]([O:3])[O:4].[Br:13][c:1])	.OBO.Br				std		NA	
59	suzuki	[#6:76]/[CX3H:75]=[CX3H:74]/[CX3H:14]=[CX3H2:15].[BX3H$(B([OH])[OH]),BH$(B4OC([CH3])([CH3])C([CH3])([CH3])O4):2]([O:3])[O:4].[Br:13]>>([*:76]/[C:75]=[C:74]/[B:2]([O:3])[O:4].[Br:13][C:14]=[C:15])	.OBO.Br				std		NA	
60	suzuki	[CX4H2,CX4H3,c,CX3,CX2:76]\[CX3H:75]=[CX3H:74]/[CX3H:14]=[CX3H2:15].[BX3H$(B([OH])[OH]),BH$(B4OC([CH3])([CH3])C([CH3])([CH3])O4):2]([O:3])[O:4].[Br:13]>>([*:76]\[C:75]=[C:74]/[B:2]([O:3])[O:4].[Br:13][C:14]=[C:15])	.OBO.Br				std		NA	
61	suzuki	[#6:76]/[CX3H:75]=[CX3H:74]/[CX3H:14]=[CX3H:15]/[#6:16].[BX3H$(B([OH])[OH]),BH$(B4OC([CH3])([CH3])C([CH3])([CH3])O4):2]([O:3])[O:4].[Br:13]>>([#6:76]/[C:75]=[C:74]/[B:2]([O:3])[O:4].[Br:13]/[C:14]=[C:15]/[*:16])	.OBO.Br				std		NA	
62	suzuki	[#6:76]/[CX3H:75]=[CX3H:74]/[CX3H:14]=[CX3H:15]\[CX4!H0,c,CX3,CX2:16].[BX3H$(B([OH])[OH]),BH$(B4OC([CH3])([CH3])C([CH3])([CH3])O4):2]([O:3])[O:4].[Br:13]>>([#6:76]/[C:75]=[C:74]/[B:2]([O:3])[O:4].[Br:13]/[C:14]=[C:15]\[*:16])	.OBO.Br				std		NA	
63	suzuki	[CX4H2,CX4H3,c,CX3,CX2:76]\[CX3H:75]=[CX3H:74]/[CX3H:14]=[CX3H:15]/[#6:16].[BX3H$(B([OH])[OH]),BH$(B4OC([CH3])([CH3])C([CH3])([CH3])O4):2]([O:3])[O:4].[Br:13]>>([*:76]\[C:75]=[C:74]/[B:2]([O:3])[O:4].[Br:13]/[C:14]=[C:15]/[*:16])	.OBO.Br				std		NA	
64	suzuki	[CX4H2,CX4H3,c,CX3,CX2:76]\[CX3H:75]=[CX3H:74]/[CX3H:14]=[CX3H:15]\[CX4!H0,c,CX3,CX2:16].[BX3H$(B([OH])[OH]),BH$(B4OC([CH3])([CH3])C([CH3])([CH3])O4):2]([O:3])[O:4].[Br:13]>>([*:76]\[C:75]=[C:74]/[B:2]([O:3])[O:4].[Br:13]/[C:14]=[C:15]\[*:16])	.OBO.Br				std		NA	
65	suzuki	[#6:76]/[CX3H:75]=[CX3H:74]/[CX3H:14]=[CX3H:15]/[BX3:22]1[OX2:23][CX3:24](=[OX1:25])[CX4:26][NX3:27]([CX4H3:28])[CX4:29][CX3:30](=[OX1:31])[OX2:32]1.[BX3H$(B([OH])[OH]),BH$(B4OC([CH3])([CH3])C([CH3])([CH3])O4):2]([O:3])[O:4].[Br:13]>>([*:76]/[C:75]=[C:74]/[B:2]([O:3])[O:4].[Br:13]/[C:14]=[C:15]/[BX3:22]1[OX2:23][CX3:24](=[OX1:25])[CX4:26][NX3:27]([CX4H3:28])[CX4:29][CX3:30](=[OX1:31])[OX2:32]1)	.OBO.Br				std		NA	
66	suzuki	[#6:76]/[CX3H:75]=[CX3H:74]/[CX3H:14]=[CX3H:15]\[BX3:22]1[OX2:23][CX3:24](=[OX1:25])[CX4:26][NX3:27]([CX4H3:28])[CX4:29][CX3:30](=[OX1:31])[OX2:32]1.[BX3H$(B([OH])[OH]),BH$(B4OC([CH3])([CH3])C([CH3])([CH3])O4):2]([O:3])[O:4].[Br:13]>>([*:76]/[C:75]=[C:74]/[B:2]([O:3])[O:4].[Br:13]/[C:14]=[C:15]\[BX3:22]1[OX2:23][CX3:24](=[OX1:25])[CX4:26][NX3:27]([CX4H3:28])[CX4:29][CX3:30](=[OX1:31])[OX2:32]1)	.OBO.Br				std		NA	
67	suzuki	[CX4H2,CX4H3,c,CX3,CX2:76]\[CX3H:75]=[CX3H:74]/[CX3H:14]=[CX3H:15]/[BX3:22]1[OX2:23][CX3:24](=[OX1:25])[CX4:26][NX3:27]([CX4H3:28])[CX4:29][CX3:30](=[OX1:31])[OX2:32]1.[BX3H$(B([OH])[OH]),BH$(B4OC([CH3])([CH3])C([CH3])([CH3])O4):2]([O:3])[O:4].[Br:13]>>([*:76]\[C:75]=[C:74]/[B:2]([O:3])[O:4].[Br:13]/[C:14]=[C:15]/[BX3:22]1[OX2:23][CX3:24](=[OX1:25])[CX4:26][NX3:27]([CX4H3:28])[CX4:29][CX3:30](=[OX1:31])[OX2:32]1)	.OBO.Br				std		NA	
68	suzuki	[CX4H2,CX4H3,c,CX3,CX2:76]\[CX3H:75]=[CX3H:74]/[CX3H:14]=[CX3H:15]\[BX3:22]1[OX2:23][CX3:24](=[OX1:25])[CX4:26][NX3:27]([CX4H3:28])[CX4:29][CX3:30](=[OX1:31])[OX2:32]1.[BX3H$(B([OH])[OH]),BH$(B4OC([CH3])([CH3])C([CH3])([CH3])O4):2]([O:3])[O:4].[Br:13]>>([*:76]\[C:75]=[C:74]/[B:2]([O:3])[O:4].[Br:13]/[C:14]=[C:15]\[BX3:22]1[OX2:23][CX3:24](=[OX1:25])[CX4:26][NX3:27]([CX4H3:28])[CX4:29][CX3:30](=[OX1:31])[OX2:32]1)	.OBO.Br				std		NA	
69	suzuki	[#6:76]/[CX3H:75]=[CX3H:74]/[CX3:14]([#6,SiX4H0:17])=[CX3H2:15].[BX3H$(B([OH])[OH]),BH$(B4OC([CH3])([CH3])C([CH3])([CH3])O4):2]([O:3])[O:4].[Br:13]>>([*:76]/[C:75]=[C:74]/[B:2]([O:3])[O:4].[Br:13][C:14]([*:17])=[C:15])	.OBO.Br				std		NA	
70	suzuki	[CX4H2,CX4H3,c,CX3,CX2:76]\[CX3H:75]=[CX3H:74]/[CX3:14]([#6,SiX4H0:17])=[CX3H2:15].[BX3H$(B([OH])[OH]),BH$(B4OC([CH3])([CH3])C([CH3])([CH3])O4):2]([O:3])[O:4].[Br:13]>>([*:76]\[C:75]=[C:74]/[B:2]([O:3])[O:4].[Br:13][C:14]([*:17])=[C:15])	.OBO.Br				std		NA	
71	suzuki	[#6:76]/[CX3H:75]=[CX3H:74]/[CX3:14]([BX3:22]1[OX2:23][CX3:24](=[OX1:25])[CX4:26][NX3:27]([CX4H3:28])[CX4:29][CX3:30](=[OX1:31])[OX2:32]1)=[CX3H2:15].[BX3H$(B([OH])[OH]),BH$(B4OC([CH3])([CH3])C([CH3])([CH3])O4):2]([O:3])[O:4].[Br:13]>>([*:76]/[C:75]=[C:74]/[B:2]([O:3])[O:4].[Br:13][C:14]([BX3:22]1[OX2:23][CX3:24](=[OX1:25])[CX4:26][NX3:27]([CX4H3:28])[CX4:29][CX3:30](=[OX1:31])[OX2:32]1)=[C:15])	.OBO.Br				std		NA	
72	suzuki	[CX4H2,CX4H3,c,CX3,CX2:76]\[CX3H:75]=[CX3H:74]/[CX3:14]([BX3:22]1[OX2:23][CX3:24](=[OX1:25])[CX4:26][NX3:27]([CX4H3:28])[CX4:29][CX3:30](=[OX1:31])[OX2:32]1)=[CX3H2:15].[BX3H$(B([OH])[OH]),BH$(B4OC([CH3])([CH3])C([CH3])([CH3])O4):2]([O:3])[O:4].[Br:13]>>([*:76]\[C:75]=[C:74]/[B:2]([O:3])[O:4].[Br:13][C:14]([BX3:22]1[OX2:23][CX3:24](=[OX1:25])[CX4:26][NX3:27]([CX4H3:28])[CX4:29][CX3:30](=[OX1:31])[OX2:32]1)=[C:15])	.OBO.Br				std		NA	
73	suzuki	[#6:76]/[CX3H:75]=[CX3H:74]/[CX3:14]([#6,SiX4H0:17])=[CX3H:15]/[#6:16].[BX3H$(B([OH])[OH]),BH$(B4OC([CH3])([CH3])C([CH3])([CH3])O4):2]([O:3])[O:4].[Br:13]>>([*:76]/[C:75]=[C:74]/[B:2]([O:3])[O:4].[Br:13]/[C:14]([*:17])=[C:15]/[*:16])	.OBO.Br				std		NA	
74	suzuki	[#6:76]/[CX3H:75]=[CX3H:74]/[CX3:14]([#6,SiX4H0:17])=[CX3H:15]\[CX4!H0,c,CX3,CX2:16].[BX3H$(B([OH])[OH]),BH$(B4OC([CH3])([CH3])C([CH3])([CH3])O4):2]([O:3])[O:4].[Br:13]>>([*:76]/[C:75]=[C:74]/[B:2]([O:3])[O:4].[Br:13]/[C:14]([*:17])=[C:15]\[*:16])	.OBO.Br				std		NA	
75	suzuki	[CX4H2,CX4H3,c,CX3,CX2:76]\[CX3H:75]=[CX3H:74]/[CX3:14]([#6,SiX4H0:17])=[CX3H:15]/[#6:16].[BX3H$(B([OH])[OH]),BH$(B4OC([CH3])([CH3])C([CH3])([CH3])O4):2]([O:3])[O:4].[Br:13]>>([*:76]/[C:75]=[C:74]\[B:2]([O:3])[O:4].[Br:13]/[C:14]([*:17])=[C:15]/[*:16])	.OBO.Br				std		NA	
76	suzuki	[CX4H2,CX4H3,c,CX3,CX2:76]\[CX3H:75]=[CX3H:74]/[CX3:14]([CX4,CX3,CX2,c,SiX4H0:17])=[CX3H:15]\[CX4!H0,c,CX3,CX2:16].[BX3H$(B([OH])[OH]),BH$(B4OC([CH3])([CH3])C([CH3])([CH3])O4):2]([O:3])[O:4].[Br:13]>>([*:76]/[C:75]=[C:74]\[B:2]([O:3])[O:4].[Br:13]/[C:14]([*:17])=[C:15]\[*:16])	.OBO.Br				std		NA	
77	suzuki	[#6:76]/[CX3H:75]=[CX3H:74]/[CX3:14]([#6,SiX4H0:17])=[CX3H:15]/[BX3:22]1[OX2:23][CX3:24](=[OX1:25])[CX4:26][NX3:27]([CX4H3:28])[CX4:29][CX3:30](=[OX1:31])[OX2:32]1.[BX3H$(B([OH])[OH]),BH$(B4OC([CH3])([CH3])C([CH3])([CH3])O4):2]([O:3])[O:4].[Br:13]>>([*:76]/[C:75]=[C:74]/[B:2]([O:3])[O:4].[Br:13]/[C:14]([*:17])=[C:15]/[BX3:22]1[OX2:23][CX3:24](=[OX1:25])[CX4:26][NX3:27]([CX4H3:28])[CX4:29][CX3:30](=[OX1:31])[OX2:32]1)	.OBO.Br				std		NA	
78	suzuki	[#6:76]/[CX3H:75]=[CX3H:74]/[CX3:14]([#6,SiX4H0:17])=[CX3H:15]\[BX3:22]1[OX2:23][CX3:24](=[OX1:25])[CX4:26][NX3:27]([CX4H3:28])[CX4:29][CX3:30](=[OX1:31])[OX2:32]1.[BX3H$(B([OH])[OH]),BH$(B4OC([CH3])([CH3])C([CH3])([CH3])O4):2]([O:3])[O:4].[Br:13]>>([*:76]/[C:75]=[C:74]/[B:2]([O:3])[O:4].[Br:13]/[C:14]([*:17])=[C:15]\[BX3:22]1[OX2:23][CX3:24](=[OX1:25])[CX4:26][NX3:27]([CX4H3:28])[CX4:29][CX3:30](=[OX1:31])[OX2:32]1)	.OBO.Br				std		NA	
79	suzuki	[CX4H2,CX4H3,c,CX3,CX2:76]\[CX3H:75]=[CX3H:74]/[CX3:14]([#6,SiX4H0:17])=[CX3H:15]/[BX3:22]1[OX2:23][CX3:24](=[OX1:25])[CX4:26][NX3:27]([CX4H3:28])[CX4:29][CX3:30](=[OX1:31])[OX2:32]1.[BX3H$(B([OH])[OH]),BH$(B4OC([CH3])([CH3])C([CH3])([CH3])O4):2]([O:3])[O:4].[Br:13]>>([*:76]\[C:75]=[C:74]/[B:2]([O:3])[O:4].[Br:13]/[C:14]([*:17])=[C:15]/[BX3:22]1[OX2:23][CX3:24](=[OX1:25])[CX4:26][NX3:27]([CX4H3:28])[CX4:29][CX3:30](=[OX1:31])[OX2:32]1)	.OBO.Br				std		NA	
80	suzuki	[CX4H2,CX4H3,c,CX3,CX2:76]\[CX3H:75]=[CX3H:74]/[CX3:14]([CX4,CX3,CX2,c,SiX4H0:17])=[CX3H:15]\[BX3:22]1[OX2:23][CX3:24](=[OX1:25])[CX4:26][NX3:27]([CX4H3:28])[CX4:29][CX3:30](=[OX1:31])[OX2:32]1.[BX3H$(B([OH])[OH]),BH$(B4OC([CH3])([CH3])C([CH3])([CH3])O4):2]([O:3])[O:4].[Br:13]>>([*:76]\[C:75]=[C:74]/[B:2]([O:3])[O:4].[Br:13]/[C:14]([*:17])=[C:15]\[BX3:22]1[OX2:23][CX3:24](=[OX1:25])[CX4:26][NX3:27]([CX4H3:28])[CX4:29][CX3:30](=[OX1:31])[OX2:32]1)	.OBO.Br				std		NA	
81	suzuki	[#6:76]/[CX3H:75]=[CX3H:74]/[CX3:14]([BX3:22]1[OX2:23][CX3:24](=[OX1:25])[CX4:26][NX3:27]([CX4H3:28])[CX4:29][CX3:30](=[OX1:31])[OX2:32]1)=[CX3H:15]/[#6:16].[BX3H$(B([OH])[OH]),BH$(B4OC([CH3])([CH3])C([CH3])([CH3])O4):2]([O:3])[O:4].[Br:13]>>([*:76]/[C:75]=[C:74]/[B:2]([O:3])[O:4].[Br:13]/[C:14]([BX3:22]1[OX2:23][CX3:24](=[OX1:25])[CX4:26][NX3:27]([CX4H3:28])[CX4:29][CX3:30](=[OX1:31])[OX2:32]1)=[C:15]/[*:16])	.OBO.Br				std		NA	
82	suzuki	[#6:76]/[CX3H:75]=[CX3H:74]/[CX3:14]([BX3:22]1[OX2:23][CX3:24](=[OX1:25])[CX4:26][NX3:27]([CX4H3:28])[CX4:29][CX3:30](=[OX1:31])[OX2:32]1)=[CX3H:15]\[CX4!H0,c,CX3,CX2:16].[BX3H$(B([OH])[OH]),BH$(B4OC([CH3])([CH3])C([CH3])([CH3])O4):2]([O:3])[O:4].[Br:13]>>([*:76]/[C:75]=[C:74]/[B:2]([O:3])[O:4].[Br:13]/[C:14]([BX3:22]1[OX2:23][CX3:24](=[OX1:25])[CX4:26][NX3:27]([CX4H3:28])[CX4:29][CX3:30](=[OX1:31])[OX2:32]1)=[C:15]\[*:16])	.OBO.Br				std		NA	
83	suzuki	[#6:76]/[CX3H:75]=[CX3H:74]/[CX3H:14]=[CX3:15]([CX4H2,CX4H3,c:18])/[#6:16].[BX3H$(B([OH])[OH]),BH$(B4OC([CH3])([CH3])C([CH3])([CH3])O4):2]([O:3])[O:4].[Br:13]>>([*:76]/[C:75]=[C:74]/[B:2]([O:3])[O:4].[Br:13]/[C:14]=[C:15]([C:18])/[*:16])	.OBO.Br				std		NA	
84	suzuki	[CX4H2,CX4H3,c,CX3,CX2:76]\[CX3H:75]=[CX3H:74]/[CX3H:14]=[CX3:15]([CX4H2,CX4H3:18])/[#6:16].[BX3H$(B([OH])[OH]),BH$(B4OC([CH3])([CH3])C([CH3])([CH3])O4):2]([O:3])[O:4].[Br:13]>>([*:76]\[C:75]=[C:74]/[B:2]([O:3])[O:4].[Br:13]/[C:14]=[C:15]([C:18])/[*:16])	.OBO.Br				std		NA	
85	suzuki	[#6:76]/[CX3H:75]=[CX3H:74]/[CX3H:14]=[CX3:15]([BX3:22]1[OX2:23][CX3:24](=[OX1:25])[CX4:26][NX3:27]([CX4H3:28])[CX4:29][CX3:30](=[OX1:31])[OX2:32]1)/[#6:16].[BX3H$(B([OH])[OH]),BH$(B4OC([CH3])([CH3])C([CH3])([CH3])O4):2]([O:3])[O:4].[Br:13]>>([*:76]/[C:75]=[C:74]/[B:2]([O:3])[O:4].[Br:13]/[C:14]=[C:15]([BX3:22]1[OX2:23][CX3:24](=[OX1:25])[CX4:26][NX3:27]([CX4H3:28])[CX4:29][CX3:30](=[OX1:31])[OX2:32]1)/[*:16])	.OBO.Br				std		NA	
86	suzuki	[#6:76]/[CX3H:75]=[CX3H:74]/[CX3H:14]=[CX3:15]([BX3:22]1[OX2:23][CX3:24](=[OX1:25])[CX4:26][NX3:27]([CX4H3:28])[CX4:29][CX3:30](=[OX1:31])[OX2:32]1)\[CX4!H0,c,CX3,CX2:16].[BX3H$(B([OH])[OH]),BH$(B4OC([CH3])([CH3])C([CH3])([CH3])O4):2]([O:3])[O:4].[Br:13]>>([*:76]/[C:75]=[C:74]/[B:2]([O:3])[O:4].[Br:13]/[C:14]=[C:15]([BX3:22]1[OX2:23][CX3:24](=[OX1:25])[CX4:26][NX3:27]([CX4H3:28])[CX4:29][CX3:30](=[OX1:31])[OX2:32]1)\[*:16])	.OBO.Br				std		NA	
87	suzuki	[CX4H2,CX4H3,c,CX3,CX2:76]\[CX3H:75]=[CX3H:74]/[CX3H:14]=[CX3:15]([BX3:22]1[OX2:23][CX3:24](=[OX1:25])[CX4:26][NX3:27]([CX4H3:28])[CX4:29][CX3:30](=[OX1:31])[OX2:32]1)/[#6:16].[BX3H$(B([OH])[OH]),BH$(B4OC([CH3])([CH3])C([CH3])([CH3])O4):2]([O:3])[O:4].[Br:13]>>([*:76]\[C:75]=[C:74]/[B:2]([O:3])[O:4].[Br:13]/[C:14]=[C:15]([BX3:22]1[OX2:23][CX3:24](=[OX1:25])[CX4:26][NX3:27]([CX4H3:28])[CX4:29][CX3:30](=[OX1:31])[OX2:32]1)/[*:16])	.OBO.Br				std		NA	
88	suzuki	[CX4H2,CX4H3,c,CX3,CX2:76]\[CX3H:75]=[CX3H:74]/[CX3H:14]=[CX3:15]([BX3:22]1[OX2:23][CX3:24](=[OX1:25])[CX4:26][NX3:27]([CX4H3:28])[CX4:29][CX3:30](=[OX1:31])[OX2:32]1)\[CX4!H0,c,CX3,CX2:16].[BX3H$(B([OH])[OH]),BH$(B4OC([CH3])([CH3])C([CH3])([CH3])O4):2]([O:3])[O:4].[Br:13]>>([*:76]\[C:75]=[C:74]/[B:2]([O:3])[O:4].[Br:13]/[C:14]=[C:15]([BX3:22]1[OX2:23][CX3:24](=[OX1:25])[CX4:26][NX3:27]([CX4H3:28])[CX4:29][CX3:30](=[OX1:31])[OX2:32]1)\[*:16])	.OBO.Br				std		NA	
89	suzuki	[#6:76]/[CX3H:75]=[CX3H:74]/[CX3:14]([#6,SiX4H0:17])=[CX3:15]([CX4H2,CX4H3:18])/[#6:16].[BX3H$(B([OH])[OH]),BH$(B4OC([CH3])([CH3])C([CH3])([CH3])O4):2]([O:3])[O:4].[Br:13]>>([*:76]/[C:75]=[C:74]/[B:2]([O:3])[O:4].[Br:13]/[C:14]([*:17])=[C:15]([C:18])/[*:16])	.OBO.Br				std		NA	
90	suzuki	[CX4H2,CX4H3,c,CX3,CX2:76]\[CX3H:75]=[CX3H:74]/[CX3:14]([#6,SiX4H0:17])=[CX3:15]([CX4H2,CX4H3:18])/[#6:16].[BX3H$(B([OH])[OH]),BH$(B4OC([CH3])([CH3])C([CH3])([CH3])O4):2]([O:3])[O:4].[Br:13]>>([*:76]\[C:75]=[C:74]/[B:2]([O:3])[O:4].[Br:13]/[C:14]([*:17])=[C:15]([C:18])/[*:16])	.OBO.Br				std		NA	
91	suzuki	[#6:76]/[CX3H:75]=[CX3H:74]/[CX3:14]([#6,SiX4H0:17])=[CX3:15]([BX3:22]1[OX2:23][CX3:24](=[OX1:25])[CX4:26][NX3:27]([CX4H3:28])[CX4:29][CX3:30](=[OX1:31])[OX2:32]1)/[#6:16].[BX3H$(B([OH])[OH]),BH$(B4OC([CH3])([CH3])C([CH3])([CH3])O4):2]([O:3])[O:4].[Br:13]>>([*:76]/[C:75]=[C:74]/[B:2]([O:3])[O:4].[Br:13]/[C:14]([*:17])=[C:15]([BX3:22]1[OX2:23][CX3:24](=[OX1:25])[CX4:26][NX3:27]([CX4H3:28])[CX4:29][CX3:30](=[OX1:31])[OX2:32]1)/[*:16])	.OBO.Br				std		NA	
92	suzuki	[#6:76]/[CX3H:75]=[CX3H:74]/[CX3:14]([#6,SiX4H0:17])=[CX3:15]([BX3:22]1[OX2:23][CX3:24](=[OX1:25])[CX4:26][NX3:27]([CX4H3:28])[CX4:29][CX3:30](=[OX1:31])[OX2:32]1)\[CX4!H0,c,CX3,CX2:16].[BX3H$(B([OH])[OH]),BH$(B4OC([CH3])([CH3])C([CH3])([CH3])O4):2]([O:3])[O:4].[Br:13]>>([*:76]/[C:75]=[C:74]/[B:2]([O:3])[O:4].[Br:13]/[C:14]([*:17])=[C:15]([BX3:22]1[OX2:23][CX3:24](=[OX1:25])[CX4:26][NX3:27]([CX4H3:28])[CX4:29][CX3:30](=[OX1:31])[OX2:32]1)\[*:16])	.OBO.Br				std		NA	
93	suzuki	[CX4H2,CX4H3,c,CX3,CX2:76]\[CX3H:75]=[CX3H:74]/[CX3:14]([#6,SiX4H0:17])=[CX3:15]([BX3:22]1[OX2:23][CX3:24](=[OX1:25])[CX4:26][NX3:27]([CX4H3:28])[CX4:29][CX3:30](=[OX1:31])[OX2:32]1)/[#6:16].[BX3H$(B([OH])[OH]),BH$(B4OC([CH3])([CH3])C([CH3])([CH3])O4):2]([O:3])[O:4].[Br:13]>>([*:76]/[C:75]=[C:74]\[B:2]([O:3])[O:4].[Br:13]/[C:14]([*:17])=[C:15]([BX3:22]1[OX2:23][CX3:24](=[OX1:25])[CX4:26][NX3:27]([CX4H3:28])[CX4:29][CX3:30](=[OX1:31])[OX2:32]1)/[*:16])	.OBO.Br				std		NA	
94	suzuki	[CX4H2,CX4H3,c,CX3,CX2:76]/[CX3H:75]=[CX3H:74]\[CX3:14]([#6,SiX4H0:17])=[CX3:15]([BX3:22]1[OX2:23][CX3:24](=[OX1:25])[CX4:26][NX3:27]([CX4H3:28])[CX4:29][CX3:30](=[OX1:31])[OX2:32]1)\[CX4!H0,c,CX3,CX2:16].[BX3H$(B([OH])[OH]),BH$(B4OC([CH3])([CH3])C([CH3])([CH3])O4):2]([O:3])[O:4].[Br:13]>>([*:76]\[C:75]=[C:74]\[B:2]([O:3])[O:4].[Br:13]/[C:14]([*:17])=[C:15]([BX3:22]1[OX2:23][CX3:24](=[OX1:25])[CX4:26][NX3:27]([CX4H3:28])[CX4:29][CX3:30](=[OX1:31])[OX2:32]1)\[*:16])	.OBO.Br				std		NA	
95	suzuki	[#6:76]/[CX3H:75]=[CX3H:74]/[CX3:14]([BX3:22]1[OX2:23][CX3:24](=[OX1:25])[CX4:26][NX3:27]([CX4H3:28])[CX4:29][CX3:30](=[OX1:31])[OX2:32]1)=[CX3:15]([CX4H2,CX4H3:18])/[#6:16].[BX3H$(B([OH])[OH]),BH$(B4OC([CH3])([CH3])C([CH3])([CH3])O4):2]([O:3])[O:4].[Br:13]>>([*:76]/[C:75]=[C:74]/[B:2]([O:3])[O:4].[Br:13]/[C:14]([BX3:22]1[OX2:23][CX3:24](=[OX1:25])[CX4:26][NX3:27]([CX4H3:28])[CX4:29][CX3:30](=[OX1:31])[OX2:32]1)=[C:15]([C:18])/[*:16])	.OBO.Br				std		NA	
96	suzuki	[CX3H2:75]=[CX3:74]([CX4,c:77])-[CX3H:14]=[CX3H2:15].[BX3H$(B([OH])[OH]),BH$(B4OC([CH3])([CH3])C([CH3])([CH3])O4):2]([O:3])[O:4].[Br:13]>>([C:75]=[C:74]([*:77])[B:2]([O:3])[O:4].[Br:13][C:14]=[C:15])	.OBO.Br				std		NA	
97	suzuki	[CX3H2:75]=[CX3:74]([CX4,c:77])/[CX3H:14]=[CX3H:15]/[#6:16].[BX3H$(B([OH])[OH]),BH$(B4OC([CH3])([CH3])C([CH3])([CH3])O4):2]([O:3])[O:4].[Br:13]>>([C:75]=[C:74]([*:77])[B:2]([O:3])[O:4].[Br:13]/[C:14]=[C:15]/[*:16])	.OBO.Br				std		NA	
98	suzuki	[CX3H2:75]=[CX3:74]([CX4,c:77])/[CX3H:14]=[CX3H:15]\[CX4!H0,c,CX3,CX2:16].[BX3H$(B([OH])[OH]),BH$(B4OC([CH3])([CH3])C([CH3])([CH3])O4):2]([O:3])[O:4].[Br:13]>>([C:75]=[C:74]([*:77])[B:2]([O:3])[O:4].[Br:13]/[C:14]=[C:15]\[*:16])	.OBO.Br				std		NA	
99	suzuki	[CX3H2:75]=[CX3:74]([CX4,c:77])/[CX3H:14]=[CX3H:15]/[BX3:22]1[OX2:23][CX3:24](=[OX1:25])[CX4:26][NX3:27]([CX4H3:28])[CX4:29][CX3:30](=[OX1:31])[OX2:32]1.[BX3H$(B([OH])[OH]),BH$(B4OC([CH3])([CH3])C([CH3])([CH3])O4):2]([O:3])[O:4].[Br:13]>>([C:75]=[C:74]([*:77])[B:2]([O:3])[O:4].[Br:13]/[C:14]=[C:15]/[BX3:22]1[OX2:23][CX3:24](=[OX1:25])[CX4:26][NX3:27]([CX4H3:28])[CX4:29][CX3:30](=[OX1:31])[OX2:32]1)	.OBO.Br				std		NA	
100	suzuki	[CX3H2:75]=[CX3:74]([CX4,c:77])/[CX3H:14]=[CX3H:15]\[BX3:22]1[OX2:23][CX3:24](=[OX1:25])[CX4:26][NX3:27]([CX4H3:28])[CX4:29][CX3:30](=[OX1:31])[OX2:32]1.[BX3H$(B([OH])[OH]),BH$(B4OC([CH3])([CH3])C([CH3])([CH3])O4):2]([O:3])[O:4].[Br:13]>>([C:75]=[C:74]([*:77])[B:2]([O:3])[O:4].[Br:13]/[C:14]=[C:15]\[BX3:22]1[OX2:23][CX3:24](=[OX1:25])[CX4:26][NX3:27]([CX4H3:28])[CX4:29][CX3:30](=[OX1:31])[OX2:32]1)	.OBO.Br				std		NA	
101	suzuki	[CX3H2:75]=[CX3:74]([CX4,c:77])-[CX3:14]([#6,SiX4H0:17])=[CX3H2:15].[BX3H$(B([OH])[OH]),BH$(B4OC([CH3])([CH3])C([CH3])([CH3])O4):2]([O:3])[O:4].[Br:13]>>([C:75]=[C:74]([*:77])[B:2]([O:3])[O:4].[Br:13][C:14]([*:17])=[C:15])	.OBO.Br				std		NA	
102	suzuki	[CX3H2:75]=[CX3:74]([CX4,c:77])-[CX3:14]([BX3:22]1[OX2:23][CX3:24](=[OX1:25])[CX4:26][NX3:27]([CX4H3:28])[CX4:29][CX3:30](=[OX1:31])[OX2:32]1)=[CX3H2:15].[BX3H$(B([OH])[OH]),BH$(B4OC([CH3])([CH3])C([CH3])([CH3])O4):2]([O:3])[O:4].[Br:13]>>([C:75]=[C:74]([*:77])[B:2]([O:3])[O:4].[Br:13][C:14]([BX3:22]1[OX2:23][CX3:24](=[OX1:25])[CX4:26][NX3:27]([CX4H3:28])[CX4:29][CX3:30](=[OX1:31])[OX2:32]1)=[C:15])	.OBO.Br				std		NA	
103	suzuki	[CX3H2:75]=[CX3:74]([CX4,c:77])/[CX3:14]([#6,SiX4H0:17])=[CX3H:15]/[#6:16].[BX3H$(B([OH])[OH]),BH$(B4OC([CH3])([CH3])C([CH3])([CH3])O4):2]([O:3])[O:4].[Br:13]>>([C:75]=[C:74]([*:77])[B:2]([O:3])[O:4].[Br:13]/[C:14]([*:17])=[C:15]/[*:16])	.OBO.Br				std		NA	
104	suzuki	[CX3H2:75]=[CX3:74]([CX4,c:77])/[CX3:14]([#6,SiX4H0:17])=[CX3H:15]\[CX4!H0,c,CX3,CX2:16].[BX3H$(B([OH])[OH]),BH$(B4OC([CH3])([CH3])C([CH3])([CH3])O4):2]([O:3])[O:4].[Br:13]>>([C:75]=[C:74]([*:77])[B:2]([O:3])[O:4].[Br:13]/[C:14]([*:17])=[C:15]\[*:16])	.OBO.Br				std		NA	
105	suzuki	[CX3H2:75]=[CX3:74]([CX4,c:77])/[CX3:14]([#6,SiX4H0:17])=[CX3H:15]/[BX3:22]1[OX2:23][CX3:24](=[OX1:25])[CX4:26][NX3:27]([CX4H3:28])[CX4:29][CX3:30](=[OX1:31])[OX2:32]1.[BX3H$(B([OH])[OH]),BH$(B4OC([CH3])([CH3])C([CH3])([CH3])O4):2]([O:3])[O:4].[Br:13]>>([C:75]=[C:74]([*:77])[B:2]([O:3])[O:4].[Br:13]/[C:14]([*:17])=[C:15]/[BX3:22]1[OX2:23][CX3:24](=[OX1:25])[CX4:26][NX3:27]([CX4H3:28])[CX4:29][CX3:30](=[OX1:31])[OX2:32]1)	.OBO.Br				std		NA	
106	suzuki	[CX3H2:75]=[CX3:74]([CX4,c:77])/[CX3:14]([#6,SiX4H0:17])=[CX3H:15]\[BX3:22]1[OX2:23][CX3:24](=[OX1:25])[CX4:26][NX3:27]([CX4H3:28])[CX4:29][CX3:30](=[OX1:31])[OX2:32]1.[BX3H$(B([OH])[OH]),BH$(B4OC([CH3])([CH3])C([CH3])([CH3])O4):2]([O:3])[O:4].[Br:13]>>([C:75]=[C:74]([*:77])[B:2]([O:3])[O:4].[Br:13]/[C:14]([*:17])=[C:15]\[BX3:22]1[OX2:23][CX3:24](=[OX1:25])[CX4:26][NX3:27]([CX4H3:28])[CX4:29][CX3:30](=[OX1:31])[OX2:32]1)	.OBO.Br				std		NA	
107	suzuki	[CX3H2:75]=[CX3:74]([CX4,c:77])/[CX3:14]([BX3:22]1[OX2:23][CX3:24](=[OX1:25])[CX4:26][NX3:27]([CX4H3:28])[CX4:29][CX3:30](=[OX1:31])[OX2:32]1)=[CX3H:15]/[#6:16].[BX3H$(B([OH])[OH]),BH$(B4OC([CH3])([CH3])C([CH3])([CH3])O4):2]([O:3])[O:4].[Br:13]>>([C:75]=[C:74]([*:77])[B:2]([O:3])[O:4].[Br:13]/[C:14]([BX3:22]1[OX2:23][CX3:24](=[OX1:25])[CX4:26][NX3:27]([CX4H3:28])[CX4:29][CX3:30](=[OX1:31])[OX2:32]1)=[C:15]/[*:16])	.OBO.Br				std		NA	
108	suzuki	[CX3H2:75]=[CX3:74]([CX4,c:77])/[CX3:14]([BX3:22]1[OX2:23][CX3:24](=[OX1:25])[CX4:26][NX3:27]([CX4H3:28])[CX4:29][CX3:30](=[OX1:31])[OX2:32]1)=[CX3H:15]\[CX4!H0,c,CX3,CX2:16].[BX3H$(B([OH])[OH]),BH$(B4OC([CH3])([CH3])C([CH3])([CH3])O4):2]([O:3])[O:4].[Br:13]>>([C:75]=[C:74]([*:77])[B:2]([O:3])[O:4].[Br:13]/[C:14]([BX3:22]1[OX2:23][CX3:24](=[OX1:25])[CX4:26][NX3:27]([CX4H3:28])[CX4:29][CX3:30](=[OX1:31])[OX2:32]1)=[C:15]\[*:16])	.OBO.Br				std		NA	
109	suzuki	[CX3H2:75]=[CX3:74]([CX4,c:77])/[CX3H:14]=[CX3:15]([CX4H2,CX4H3:18])/[#6:16].[BX3H$(B([OH])[OH]),BH$(B4OC([CH3])([CH3])C([CH3])([CH3])O4):2]([O:3])[O:4].[Br:13]>>([C:75]=[C:74]([*:77])[B:2]([O:3])[O:4].[Br:13]/[C:14]=[C:15]([C:18])/[*:16])	.OBO.Br				std		NA	
110	suzuki	[CX3H2:75]=[CX3:74]([CX4,c:77])/[CX3H:14]=[CX3:15]([BX3:22]1[OX2:23][CX3:24](=[OX1:25])[CX4:26][NX3:27]([CX4H3:28])[CX4:29][CX3:30](=[OX1:31])[OX2:32]1)/[#6:16].[BX3H$(B([OH])[OH]),BH$(B4OC([CH3])([CH3])C([CH3])([CH3])O4):2]([O:3])[O:4].[Br:13]>>([C:75]=[C:74]([*:77])[B:2]([O:3])[O:4].[Br:13]/[C:14]=[C:15]([BX3:22]1[OX2:23][CX3:24](=[OX1:25])[CX4:26][NX3:27]([CX4H3:28])[CX4:29][CX3:30](=[OX1:31])[OX2:32]1)/[*:16])	.OBO.Br				std		NA	
111	suzuki	[CX3H2:75]=[CX3:74]([CX4,c:77])/[CX3H:14]=[CX3:15]([BX3:22]1[OX2:23][CX3:24](=[OX1:25])[CX4:26][NX3:27]([CX4H3:28])[CX4:29][CX3:30](=[OX1:31])[OX2:32]1)\[CX4!H0,c,CX3,CX2:16].[BX3H$(B([OH])[OH]),BH$(B4OC([CH3])([CH3])C([CH3])([CH3])O4):2]([O:3])[O:4].[Br:13]>>([C:75]=[C:74]([*:77])[B:2]([O:3])[O:4].[Br:13]/[C:14]=[C:15]([BX3:22]1[OX2:23][CX3:24](=[OX1:25])[CX4:26][NX3:27]([CX4H3:28])[CX4:29][CX3:30](=[OX1:31])[OX2:32]1)\[*:16])	.OBO.Br				std		NA	
112	suzuki	[CX3H2:75]=[CX3:74]([CX4,c:77])/[CX3:14]([#6,SiX4H0:17])=[CX3:15]([CX4H2,CX4H3:18])/[#6:16].[BX3H$(B([OH])[OH]),BH$(B4OC([CH3])([CH3])C([CH3])([CH3])O4):2]([O:3])[O:4].[Br:13]>>([C:75]=[C:74]([*:77])[B:2]([O:3])[O:4].[Br:13]/[C:14]([*:17])=[C:15]([C:18])/[*:16])	.OBO.Br				std		NA	
113	suzuki	[CX3H2:75]=[CX3:74]([CX4:77])/[CX3:14]([#6,SiX4H0:17])=[CX3:15]([BX3:22]1[OX2:23][CX3:24](=[OX1:25])[CX4:26][NX3:27]([CX4H3:28])[CX4:29][CX3:30](=[OX1:31])[OX2:32]1)/[#6:16].[BX3H$(B([OH])[OH]),BH$(B4OC([CH3])([CH3])C([CH3])([CH3])O4):2]([O:3])[O:4].[Br:13]>>([C:75]=[C:74]([*:77])[B:2]([O:3])[O:4].[Br:13]/[C:14]([*:17])=[C:15]([BX3:22]1[OX2:23][CX3:24](=[OX1:25])[CX4:26][NX3:27]([CX4H3:28])[CX4:29][CX3:30](=[OX1:31])[OX2:32]1)/[*:16])	.OBO.Br				std		NA	
114	suzuki	[CX3H2:75]=[CX3:74]([CX4,c:77])/[CX3:14]([#6,SiX4H0:17])=[CX3:15]([BX3:22]1[OX2:23][CX3:24](=[OX1:25])[CX4:26][NX3:27]([CX4H3:28])[CX4:29][CX3:30](=[OX1:31])[OX2:32]1)\[CX4!H0,c,CX3,CX2:16].[BX3H$(B([OH])[OH]),BH$(B4OC([CH3])([CH3])C([CH3])([CH3])O4):2]([O:3])[O:4].[Br:13]>>([C:75]=[C:74]([*:77])[B:2]([O:3])[O:4].[Br:13]/[C:14]([*:17])=[C:15]([BX3:22]1[OX2:23][CX3:24](=[OX1:25])[CX4:26][NX3:27]([CX4H3:28])[CX4:29][CX3:30](=[OX1:31])[OX2:32]1)\[*:16])	.OBO.Br				std		NA	
115	suzuki	[CX3H2:75]=[CX3:74]([CX4,c:77])/[CX3:14]([BX3:22]1[OX2:23][CX3:24](=[OX1:25])[CX4:26][NX3:27]([CX4H3:28])[CX4:29][CX3:30](=[OX1:31])[OX2:32]1)=[CX3:15]([CX4H2,CX4H3:18])/[#6:16].[BX3H$(B([OH])[OH]),BH$(B4OC([CH3])([CH3])C([CH3])([CH3])O4):2]([O:3])[O:4].[Br:13]>>([C:75]=[C:74]([*:77])[B:2]([O:3])[O:4].[Br:13]/[C:14]([BX3:22]1[OX2:23][CX3:24](=[OX1:25])[CX4:26][NX3:27]([CX4H3:28])[CX4:29][CX3:30](=[OX1:31])[OX2:32]1)=[C:15]([C:18])/[*:16])	.OBO.Br				std		NA	
116	suzuki	[#6:76]/[CX3H:75]=[CX3:74]([CX4,c,F:77])/[CX3H:14]=[CX3H2:15].[BX3H$(B([OH])[OH]),BH$(B4OC([CH3])([CH3])C([CH3])([CH3])O4):2]([O:3])[O:4].[Br:13]>>([*:76]/[C:75]=[C:74]([*:77])/[B:2]([O:3])[O:4].[Br:13][C:14]=[C:15])	.OBO.Br				std		NA	
117	suzuki	[#6:76]/[CX3H:75]=[CX3:74]([CX4,c,F:77])/[CX3:14]([CX4,c:16])=[CX3H2:15].[BX3H$(B([OH])[OH]),BH$(B4OC([CH3])([CH3])C([CH3])([CH3])O4):2]([O:3])[O:4].[Br:13]>>([*:76]/[C:75]=[C:74]([*:77])/[B:2]([O:3])[O:4].[Br:13][C:14]([*:16])=[C:15])	.OBO.Br				std		NA	
118	suzuki	[#6:76]/[CX3H:75]=[CX3:74]([CX4,c,F:77])/[CX3H:14]=[CX3H:15]/[#6:16].[BX3H$(B([OH])[OH]),BH$(B4OC([CH3])([CH3])C([CH3])([CH3])O4):2]([O:3])[O:4].[Br:13]>>([*:76]/[C:75]=[C:74]([*:77])/[B:2]([O:3])[O:4].[Br:13]/[C:14]=[C:15]/[*:16])	.OBO.Br				std		NA	
119	suzuki	[#6:76]/[CX3H:75]=[CX3:74]([CX4,c,F:77])/[CX3H:14]=[CX3H:15]/[BX3:22]1[OX2:23][CX3:24](=[OX1:25])[CX4:26][NX3:27]([CX4H3:28])[CX4:29][CX3:30](=[OX1:31])[OX2:32]1.[BX3H$(B([OH])[OH]),BH$(B4OC([CH3])([CH3])C([CH3])([CH3])O4):2]([O:3])[O:4].[Br:13]>>([*:76]/[C:75]=[C:74]([*:77])/[B:2]([O:3])[O:4].[Br:13]/[C:14]=[C:15]/[BX3:22]1[OX2:23][CX3:24](=[OX1:25])[CX4:26][NX3:27]([CX4H3:28])[CX4:29][CX3:30](=[OX1:31])[OX2:32]1)	.OBO.Br				std		NA	
120	suzuki	[#6:76]/[CX3H:75]=[CX3:74]([CX4,c,F:77])/[CX3H:14]=[CX3H:15]\[CX4!H0,c,CX3,CX2:16].[BX3H$(B([OH])[OH]),BH$(B4OC([CH3])([CH3])C([CH3])([CH3])O4):2]([O:3])[O:4].[Br:13]>>([*:76]/[C:75]=[C:74]([*:77])/[B:2]([O:3])[O:4].[Br:13]/[C:14]=[C:15]\[*:16])	.OBO.Br				std		NA	
121	suzuki	[#6:76]/[CX3H:75]=[CX3:74]([CX4,c,F:77])/[CX3H:14]=[CX3H:15]\[BX3:22]1[OX2:23][CX3:24](=[OX1:25])[CX4:26][NX3:27]([CX4H3:28])[CX4:29][CX3:30](=[OX1:31])[OX2:32]1.[BX3H$(B([OH])[OH]),BH$(B4OC([CH3])([CH3])C([CH3])([CH3])O4):2]([O:3])[O:4].[Br:13]>>([*:76]/[C:75]=[C:74]([*:77])/[B:2]([O:3])[O:4].[Br:13]/[C:14]=[C:15]\[BX3:22]1[OX2:23][CX3:24](=[OX1:25])[CX4:26][NX3:27]([CX4H3:28])[CX4:29][CX3:30](=[OX1:31])[OX2:32]1)	.OBO.Br				std		NA	
122	suzuki	[#6:76]/[CX3H:75]=[CX3:74]([CX4,c,F:77])/[CX3:14]([CX4,c:17])=[CX3H:15]/[#6:16].[BX3H$(B([OH])[OH]),BH$(B4OC([CH3])([CH3])C([CH3])([CH3])O4):2]([O:3])[O:4].[Br:13]>>([*:76]/[C:75]=[C:74]([*:77])/[B:2]([O:3])[O:4].[Br:13]/[C:14]([C:17])=[C:15]/[*:16])	.OBO.Br				std		NA	
123	suzuki	[#6:76]/[CX3H:75]=[CX3:74]([CX4,c,F:77])/[CX3:14]([CX4,c:17])=[CX3H:15]/[BX3:22]1[OX2:23][CX3:24](=[OX1:25])[CX4:26][NX3:27]([CX4H3:28])[CX4:29][CX3:30](=[OX1:31])[OX2:32]1.[BX3H$(B([OH])[OH]),BH$(B4OC([CH3])([CH3])C([CH3])([CH3])O4):2]([O:3])[O:4].[Br:13]>>([*:76]/[C:75]=[C:74]([*:77])/[B:2]([O:3])[O:4].[Br:13]/[C:14]([C:17])=[C:15]/[BX3:22]1[OX2:23][CX3:24](=[OX1:25])[CX4:26][NX3:27]([CX4H3:28])[CX4:29][CX3:30](=[OX1:31])[OX2:32]1)	.OBO.Br				std		NA	
124	suzuki	[#6:76]/[CX3H:75]=[CX3:74]([CX4,c,F:77])/[CX3:14]([CX4,c:17])=[CX3H:15]\[CX4!H0,c,CX3,CX2:16].[BX3H$(B([OH])[OH]),BH$(B4OC([CH3])([CH3])C([CH3])([CH3])O4):2]([O:3])[O:4].[Br:13]>>([*:76]/[C:75]=[C:74]([*:77])/[B:2]([O:3])[O:4].[Br:13]/[C:14]([C:17])=[C:15]\[*:16])	.OBO.Br				std		NA	
125	suzuki	[#6:76]/[CX3H:75]=[CX3:74]([CX4,c,F:77])/[CX3:14]([CX4,c:17])=[CX3H:15]\[BX3:22]1[OX2:23][CX3:24](=[OX1:25])[CX4:26][NX3:27]([CX4H3:28])[CX4:29][CX3:30](=[OX1:31])[OX2:32]1.[BX3H$(B([OH])[OH]),BH$(B4OC([CH3])([CH3])C([CH3])([CH3])O4):2]([O:3])[O:4].[Br:13]>>([*:76]/[C:75]=[C:74]([*:77])/[B:2]([O:3])[O:4].[Br:13]/[C:14]([C:17])=[C:15]\[BX3:22]1[OX2:23][CX3:24](=[OX1:25])[CX4:26][NX3:27]([CX4H3:28])[CX4:29][CX3:30](=[OX1:31])[OX2:32]1)	.OBO.Br				std		NA	
126	suzuki	[#6:76]/[CX3H:75]=[CX3:74]([CX4,c,F:77])/[CX3H:14]=[CX3:15]([CX4H2,CX4H3,c,CX3,CX2:17])/[#6:16].[BX3H$(B([OH])[OH]),BH$(B4OC([CH3])([CH3])C([CH3])([CH3])O4):2]([O:3])[O:4].[Br:13]>>([*:76]/[C:75]=[C:74]([*:77])/[B:2]([O:3])[O:4].[Br:13]/[C:14]=[C:15]([*:17])/[*:16])	.OBO.Br				std		NA	
127	suzuki	[#6:76]/[CX3H:75]=[CX3:74]([CX4,c,F:77])/[CX3H:14]=[CX3:15]([NX3H:17][CX3:19](=[OX1:20])[CX4,c:21])/[#6:16].[BX3H$(B([OH])[OH]),BH$(B4OC([CH3])([CH3])C([CH3])([CH3])O4):2]([O:3])[O:4].[Br:13]>>([*:76]/[C:75]=[C:74]([*:77])/[B:2]([O:3])[O:4].[Br:13]/[C:14]=[C:15]([N:17][C:19](=[O:20])[*:21])/[*:16])	.OBO.Br				std		NA	
128	suzuki	[#6:76]/[CX3H:75]=[CX3:74]([CX4,c,F:77])/[CX3H:14]=[CX3:15]([NX3H:17][CX3H:19]=[OX1:20])/[#6:16].[BX3H$(B([OH])[OH]),BH$(B4OC([CH3])([CH3])C([CH3])([CH3])O4):2]([O:3])[O:4].[Br:13]>>([*:76]/[C:75]=[C:74]([*:77])/[B:2]([O:3])[O:4].[Br:13]/[C:14]=[C:15]([N:17][C:19]=[O:20])/[*:16])	.OBO.Br				std		NA	
129	suzuki	[#6:76]/[CX3H:75]=[CX3:74]([CX4,c,F:77])/[CX3H:14]=[CX3:15]([NX3H:17][CX3:19](=[OX1:20])[CX4,c:21])\[CX4H2,CX4H3:16].[BX3H$(B([OH])[OH]),BH$(B4OC([CH3])([CH3])C([CH3])([CH3])O4):2]([O:3])[O:4].[Br:13]>>([*:76]/[C:75]=[C:74]([*:77])/[B:2]([O:3])[O:4].[Br:13]/[C:14]=[C:15]([N:17][C:19](=[O:20])[*:21])\[C:16])	.OBO.Br				std		NA	
130	suzuki	[#6:76]/[CX3H:75]=[CX3:74]([CX4,c:77])/[CX3H:14]=[CX3:15]([NX3H:17][CX3H:19]=[OX1:20])\[CX4H2,CX4H3:16].[BX3H$(B([OH])[OH]),BH$(B4OC([CH3])([CH3])C([CH3])([CH3])O4):2]([O:3])[O:4].[Br:13]>>([*:76]/[C:75]=[C:74]([*:77])/[B:2]([O:3])[O:4].[Br:13]/[C:14]=[C:15]([N:17][C:19]=[O:20])\[C:16])	.OBO.Br				std		NA	
131	suzuki	[#6:76]/[CX3H:75]=[CX3:74]([CX4,c:77])/[CX3:14]([CX4H2,CX4H3:18])=[CX3:15]([CX4H2,CX4H3,c,CX3,CX2:17])/[#6:16].[BX3H$(B([OH])[OH]),BH$(B4OC([CH3])([CH3])C([CH3])([CH3])O4):2]([O:3])[O:4].[Br:13]>>([*:76]/[C:75]=[C:74]([*:77])/[B:2]([O:3])[O:4].[Br:13]/[C:14]([*:18])=[C:15]([*:17])/[*:16])	.OBO.Br				std		NA	
132	suzuki	[#6:76]/[CX3H:75]=[CX3:74]([CX4,c:77])/[CX3:14]([CX4,c:18])=[CX3:15]([CX4H2,CX4H3,c,CX3,CX2:17])/[BX3:22]1[OX2:23][CX3:24](=[OX1:25])[CX4:26][NX3:27]([CX4H3:28])[CX4:29][CX3:30](=[OX1:31])[OX2:32]1.[BX3H$(B([OH])[OH]),BH$(B4OC([CH3])([CH3])C([CH3])([CH3])O4):2]([O:3])[O:4].[Br:13]>>([*:76]/[C:75]=[C:74]([*:77])/[B:2]([O:3])[O:4].[Br:13]/[C:14]([*:18])=[C:15]([*:17])/[BX3:22]1[OX2:23][CX3:24](=[OX1:25])[CX4:26][NX3:27]([CX4H3:28])[CX4:29][CX3:30](=[OX1:31])[OX2:32]1)	.OBO.Br				std		NA	
133	suzuki	[#6:76]/[CX3H:75]=[CX3:74]([CX4,c:77])/[CX3:14]([CX4,c:18])=[CX3:15]([BX3:22]1[OX2:23][CX3:24](=[OX1:25])[CX4:26][NX3:27]([CX4H3:28])[CX4:29][CX3:30](=[OX1:31])[OX2:32]1)/[#6:16].[BX3H$(B([OH])[OH]),BH$(B4OC([CH3])([CH3])C([CH3])([CH3])O4):2]([O:3])[O:4].[Br:13]>>([*:76]/[C:75]=[C:74]([*:77])/[B:2]([O:3])[O:4].[Br:13]/[C:14]([*:18])=[C:15]([BX3:22]1[OX2:23][CX3:24](=[OX1:25])[CX4:26][NX3:27]([CX4H3:28])[CX4:29][CX3:30](=[OX1:31])[OX2:32]1)/[*:16])	.OBO.Br				std		NA	
134	suzuki	[CX4H2,CX4H3,CX3,c:76]\[CX3H:75]=[CX3:74]([CX4,CX3,c,F:77])/[CX3H:14]=[CX3H2:15].[BX3H$(B([OH])[OH]),BH$(B4OC([CH3])([CH3])C([CH3])([CH3])O4):2]([O:3])[O:4].[Br:13]>>([*:76]\[C:75]=[C:74]([*:77])/[B:2]([O:3])[O:4].[Br:13][C:14]=[C:15])	.OBO.Br				std		NA	
135	suzuki	[CX4H2,CX4H3,CX3,c:76]/[CX3H:75]=[CX3:74]([CX4,CX3,c,F:77])/[CX3:14]([CX4,c:16])=[CX3H2:15].[BX3H$(B([OH])[OH]),BH$(B4OC([CH3])([CH3])C([CH3])([CH3])O4):2]([O:3])[O:4].[Br:13]>>([*:76]\[C:75]=[C:74]([*:77])/[B:2]([O:3])[O:4].[Br:13][C:14]([*:16])=[C:15])	.OBO.Br				std		NA	
136	suzuki	[CX4H2,CX4H3,CX3,c:76]\[CX3H:75]=[CX3:74]([CX4,CX3,c,F:77])/[CX3H:14]=[CX3H:15]/[#6:16].[BX3H$(B([OH])[OH]),BH$(B4OC([CH3])([CH3])C([CH3])([CH3])O4):2]([O:3])[O:4].[Br:13]>>([*:76]\[C:75]=[C:74]([*:77])/[B:2]([O:3])[O:4].[Br:13]/[C:14]=[C:15]/[*:16])	.OBO.Br				std		NA	
137	suzuki	[CX4H2,CX4H3,CX3,c:76]\[CX3H:75]=[CX3:74]([CX4,CX3,c,F:77])/[CX3H:14]=[CX3H:15]/[BX3:22]1[OX2:23][CX3:24](=[OX1:25])[CX4:26][NX3:27]([CX4H3:28])[CX4:29][CX3:30](=[OX1:31])[OX2:32]1.[BX3H$(B([OH])[OH]),BH$(B4OC([CH3])([CH3])C([CH3])([CH3])O4):2]([O:3])[O:4].[Br:13]>>([*:76]\[C:75]=[C:74]([*:77])/[B:2]([O:3])[O:4].[Br:13]/[C:14]=[C:15]/[BX3:22]1[OX2:23][CX3:24](=[OX1:25])[CX4:26][NX3:27]([CX4H3:28])[CX4:29][CX3:30](=[OX1:31])[OX2:32]1)	.OBO.Br				std		NA	
138	suzuki	[#6:76]/[CX3H:75]=[CX3:74]([CX3:77](=[OX1:78])[CX4!H0,c,OX2H0:79])/[CX3H:14]=[CX3H2:15].[BX3H$(B([OH])[OH]),BH$(B4OC([CH3])([CH3])C([CH3])([CH3])O4):2]([O:3])[O:4].[Br:13]>>([*:76]/[C:75]=[C:74]([C:77](=[O:78])[*:79])/[B:2]([O:3])[O:4].[Br:13][C:14]=[C:15])	.OBO.Br				std		NA	
139	suzuki	[#6:76]/[CX3H:75]=[CX3:74]([CX3:77](=[OX1:78])[CX4!H0,c,OX2H0:79])/[CX3H:14]=[CX3H:15]/[#6:16].[BX3H$(B([OH])[OH]),BH$(B4OC([CH3])([CH3])C([CH3])([CH3])O4):2]([O:3])[O:4].[Br:13]>>([*:76]/[C:75]=[C:74]([C:77](=[O:78])[*:79])/[B:2]([O:3])[O:4].[Br:13]/[C:14]=[C:15]/[*:16])	.OBO.Br				std		NA	
140	suzuki	[#6:76]/[CX3H:75]=[CX3:74]([CX3:77](=[OX1:78])[CX4!H0,c,OX2H0:79])/[CX3H:14]=[CX3H:15]/[BX3:22]1[OX2:23][CX3:24](=[OX1:25])[CX4:26][NX3:27]([CX4H3:28])[CX4:29][CX3:30](=[OX1:31])[OX2:32]1.[BX3H$(B([OH])[OH]),BH$(B4OC([CH3])([CH3])C([CH3])([CH3])O4):2]([O:3])[O:4].[Br:13]>>([*:76]/[C:75]=[C:74]([CX3:77](=[OX1:78])[*:79])/[B:2]([O:3])[O:4].[Br:13]/[C:14]=[C:15]/[BX3:22]1[OX2:23][CX3:24](=[OX1:25])[CX4:26][NX3:27]([CX4H3:28])[CX4:29][CX3:30](=[OX1:31])[OX2:32]1)	.OBO.Br				std		NA	
141	suzuki	[#6:76]/[CX3H:75]=[CX3:74]([CX3:77](=[OX1:78])[CX4!H0,c,OX2H0:79])/[CX3H:14]=[CX3H:15]\[CX4!H0,c,CX3,CX2:16].[BX3H$(B([OH])[OH]),BH$(B4OC([CH3])([CH3])C([CH3])([CH3])O4):2]([O:3])[O:4].[Br:13]>>([*:76]/[C:75]=[C:74]([C:77](=[O:78])[*:79])/[B:2]([O:3])[O:4].[Br:13]/[C:14]=[C:15]\[*:16])	.OBO.Br				std		NA	
142	suzuki	[#6:76]/[CX3H:75]=[CX3:74]([CX3:77](=[OX1:78])[CX4!H0,c,OX2H0:79])/[CX3H:14]=[CX3H:15]\[BX3:22]1[OX2:23][CX3:24](=[OX1:25])[CX4:26][NX3:27]([CX4H3:28])[CX4:29][CX3:30](=[OX1:31])[OX2:32]1.[BX3H$(B([OH])[OH]),BH$(B4OC([CH3])([CH3])C([CH3])([CH3])O4):2]([O:3])[O:4].[Br:13]>>([*:76]/[C:75]=[C:74]([CX3:77](=[OX1:78])[*:79])/[B:2]([O:3])[O:4].[Br:13]/[C:14]=[C:15]\[BX3:22]1[OX2:23][CX3:24](=[OX1:25])[CX4:26][NX3:27]([CX4H3:28])[CX4:29][CX3:30](=[OX1:31])[OX2:32]1)	.OBO.Br				std		NA	
143	suzuki	[#6:76]/[CX3H:75]=[CX3:74]([CX3:77](=[OX1:78])[CX4!H0,c,OX2H0:79])/[CX3:14]([CX4,c:17])=[CX3H:15]/[#6:16].[BX3H$(B([OH])[OH]),BH$(B4OC([CH3])([CH3])C([CH3])([CH3])O4):2]([O:3])[O:4].[Br:13]>>([*:76]/[C:75]=[C:74]([C:77](=[O:78])[*:79])/[B:2]([O:3])[O:4].[Br:13]/[C:14]([C:17])=[C:15]/[*:16])	.OBO.Br				std		NA	
144	suzuki	[#6:76]/[CX3H:75]=[CX3:74]([CX3:77](=[OX1:78])[CX4!H0,c,OX2H0:79])/[CX3:14]([CX4,c:17])=[CX3H:15]/[BX3:22]1[OX2:23][CX3:24](=[OX1:25])[CX4:26][NX3:27]([CX4H3:28])[CX4:29][CX3:30](=[OX1:31])[OX2:32]1.[BX3H$(B([OH])[OH]),BH$(B4OC([CH3])([CH3])C([CH3])([CH3])O4):2]([O:3])[O:4].[Br:13]>>([*:76]/[C:75]=[C:74]([CX3:77](=[OX1:78])[*:79])/[B:2]([O:3])[O:4].[Br:13]/[C:14]([C:17])=[C:15]/[BX3:22]1[OX2:23][CX3:24](=[OX1:25])[CX4:26][NX3:27]([CX4H3:28])[CX4:29][CX3:30](=[OX1:31])[OX2:32]1)	.OBO.Br				std		NA	
145	suzuki	[#6:76]/[CX3H:75]=[CX3:74]([CX3:77](=[OX1:78])[CX4!H0,c,OX2H0:79])/[CX3:14]([CX4,c:17])=[CX3H:15]\[CX4!H0,c,CX3,CX2:16].[BX3H$(B([OH])[OH]),BH$(B4OC([CH3])([CH3])C([CH3])([CH3])O4):2]([O:3])[O:4].[Br:13]>>([*:76]/[C:75]=[C:74]([C:77](=[O:78])[*:79])/[B:2]([O:3])[O:4].[Br:13]/[C:14]([C:17])=[C:15]\[*:16])	.OBO.Br				std		NA	
146	suzuki	[#6:76]/[CX3H:75]=[CX3:74]([CX3:77](=[OX1:78])[CX4!H0,c,OX2H0:79])/[CX3:14]([CX4,c:17])=[CX3H:15]\[BX3:22]1[OX2:23][CX3:24](=[OX1:25])[CX4:26][NX3:27]([CX4H3:28])[CX4:29][CX3:30](=[OX1:31])[OX2:32]1.[BX3H$(B([OH])[OH]),BH$(B4OC([CH3])([CH3])C([CH3])([CH3])O4):2]([O:3])[O:4].[Br:13]>>([*:76]/[C:75]=[C:74]([CX3:77](=[OX1:78])[*:79])/[B:2]([O:3])[O:4].[Br:13]/[C:14]([C:17])=[C:15]\[BX3:22]1[OX2:23][CX3:24](=[OX1:25])[CX4:26][NX3:27]([CX4H3:28])[CX4:29][CX3:30](=[OX1:31])[OX2:32]1)	.OBO.Br				std		NA	
147	suzuki	[#6:76]/[CX3H:75]=[CX3:74]([CX3:77](=[OX1:78])[CX4!H0,c,OX2H0:79])/[CX3H:14]=[CX3:15]([CX4H2,CX4H3,c,CX3,CX2:17])/[#6:16].[BX3H$(B([OH])[OH]),BH$(B4OC([CH3])([CH3])C([CH3])([CH3])O4):2]([O:3])[O:4].[Br:13]>>([*:76]/[C:75]=[C:74]([C:77](=[O:78])[*:79])/[B:2]([O:3])[O:4].[Br:13]/[C:14]=[C:15]([*:17])/[*:16])	.OBO.Br				std		NA	
148	suzuki	[#6:76]/[CX3H:75]=[CX3:74]([CX3:77](=[OX1:78])[CX4!H0,c,OX2H0:79])/[CX3H:14]=[CX3:15]([NX3H:17][CX3:19](=[OX1:20])[CX4,c:21])/[#6:16].[BX3H$(B([OH])[OH]),BH$(B4OC([CH3])([CH3])C([CH3])([CH3])O4):2]([O:3])[O:4].[Br:13]>>([*:76]/[C:75]=[C:74]([C:77](=[O:78])[*:79])/[B:2]([O:3])[O:4].[Br:13]/[C:14]=[C:15]([N:17][C:19](=[O:20])[*:21])/[*:16])	.OBO.Br				std		NA	
149	suzuki	[#6:76]/[CX3H:75]=[CX3:74]([CX3:77](=[OX1:78])[CX4!H0,c,OX2H0:79])/[CX3H:14]=[CX3:15]([NX3H:17][CX3H:19]=[OX1:20])/[#6:16].[BX3H$(B([OH])[OH]),BH$(B4OC([CH3])([CH3])C([CH3])([CH3])O4):2]([O:3])[O:4].[Br:13]>>([*:76]/[C:75]=[C:74]([C:77](=[O:78])[*:79])/[B:2]([O:3])[O:4].[Br:13]/[C:14]=[C:15]([N:17][C:19]=[O:20])/[*:16])	.OBO.Br				std		NA	
150	suzuki	[#6:76]/[CX3H:75]=[CX3:74]([CX3:77](=[OX1:78])[CX4!H0,c,OX2H0:79])/[CX3H:14]=[CX3:15]([NX3H:17][CX3:19](=[OX1:20])[CX4,c:21])\[CX4H2,CX4H3:16].[BX3H$(B([OH])[OH]),BH$(B4OC([CH3])([CH3])C([CH3])([CH3])O4):2]([O:3])[O:4].[Br:13]>>([*:76]/[C:75]=[C:74]([C:77](=[O:78])[*:79])/[B:2]([O:3])[O:4].[Br:13]/[C:14]=[C:15]([N:17][C:19](=[O:20])[*:21])\[C:16])	.OBO.Br				std		NA	
151	suzuki	[#6:76]/[CX3H:75]=[CX3:74]([CX3:77](=[OX1:78])[CX4!H0,c,OX2H0:79])/[CX3H:14]=[CX3:15]([NX3H:17][CX3H:19]=[OX1:20])\[CX4H2,CX4H3:16].[BX3H$(B([OH])[OH]),BH$(B4OC([CH3])([CH3])C([CH3])([CH3])O4):2]([O:3])[O:4].[Br:13]>>([*:76]/[C:75]=[C:74]([C:77](=[O:78])[*:79])/[B:2]([O:3])[O:4].[Br:13]/[C:14]=[C:15]([N:17][C:19]=[O:20])\[C:16])	.OBO.Br				std		NA	
152	suzuki	[#6:76]/[CX3H:75]=[CX3:74]([CX3:77](=[OX1:78])[CX4!H0,c,OX2H0:79])/[CX3:14]([CX4,c:18])=[CX3:15]([CX4H2,CX4H3,c,CX3,CX2:17])/[#6:16].[BX3H$(B([OH])[OH]),BH$(B4OC([CH3])([CH3])C([CH3])([CH3])O4):2]([O:3])[O:4].[Br:13]>>([*:76]/[C:75]=[C:74]([C:77](=[O:78])[*:79])/[B:2]([O:3])[O:4].[Br:13]/[C:14]([*:18])=[C:15]([*:17])/[*:16])	.OBO.Br				std		NA	
153	suzuki	[#6:76]/[CX3H:75]=[CX3:74]([CX3:77](=[OX1:78])[CX4!H0,c,OX2H0:79])/[CX3:14]([CX4,c:18])=[CX3:15]([CX4H2,CX4H3,c,CX3,CX2:17])/[BX3:22]1[OX2:23][CX3:24](=[OX1:25])[CX4:26][NX3:27]([CX4H3:28])[CX4:29][CX3:30](=[OX1:31])[OX2:32]1.[BX3H$(B([OH])[OH]),BH$(B4OC([CH3])([CH3])C([CH3])([CH3])O4):2]([O:3])[O:4].[Br:13]>>([*:76]/[C:75]=[C:74]([CX3:77](=[OX1:78])[*:79])/[B:2]([O:3])[O:4].[Br:13]/[C:14]([*:18])=[C:15]([*:17])/[BX3:22]1[OX2:23][CX3:24](=[OX1:25])[CX4:26][NX3:27]([CX4H3:28])[CX4:29][CX3:30](=[OX1:31])[OX2:32]1)	.OBO.Br				std		NA	
154	suzuki	[#6:76]/[CX3H:75]=[CX3:74]([CX3:77](=[OX1:78])[CX4!H0,c,OX2H0:79])/[CX3:14]([CX4,c:18])=[CX3:15]([BX3:22]1[OX2:23][CX3:24](=[OX1:25])[CX4:26][NX3:27]([CX4H3:28])[CX4:29][CX3:30](=[OX1:31])[OX2:32]1)/[#6:16].[BX3H$(B([OH])[OH]),BH$(B4OC([CH3])([CH3])C([CH3])([CH3])O4):2]([O:3])[O:4].[Br:13]>>([*:76]/[C:75]=[C:74]([CX3:77](=[OX1:78])[*:79])/[B:2]([O:3])[O:4].[Br:13]/[C:14]([*:18])=[C:15]([BX3:22]1[OX2:23][CX3:24](=[OX1:25])[CX4:26][NX3:27]([CX4H3:28])[CX4:29][CX3:30](=[OX1:31])[OX2:32]1)/[*:16])	.OBO.Br				std		NA	
155	suzuki	[CX4H2,CX4H3,CX3,c:76]\[CX3H:75]=[CX3:74]([CX3:77](=[OX1:78])[CX4!H0,c,OX2H0:79])/[CX3H:14]=[CX3H2:15].[BX3H$(B([OH])[OH]),BH$(B4OC([CH3])([CH3])C([CH3])([CH3])O4):2]([O:3])[O:4].[Br:13]>>([*:76]\[C:75]=[C:74]([CX3:77](=[OX1:78])[*:79])/[B:2]([O:3])[O:4].[Br:13][C:14]=[C:15])	.OBO.Br				std		NA	
156	suzuki	[CX4H2,CX4H3,CX3,c:76]/[CX3H:75]=[CX3:74]([CX3:77](=[OX1:78])[CX4!H0,c,OX2H0:79])/[CX3:14]([CX4,c:16])=[CX3H2:15].[BX3H$(B([OH])[OH]),BH$(B4OC([CH3])([CH3])C([CH3])([CH3])O4):2]([O:3])[O:4].[Br:13]>>([*:76]/[C:75]=[C:74]([CX3:77](=[OX1:78])[*:79])/[B:2]([O:3])[O:4].[Br:13][C:14]([*:16])=[C:15])	.OBO.Br				std		NA	
157	suzuki	[CX4H2,CX4H3,CX3,c:76]\[CX3H:75]=[CX3:74]([CX3:77](=[OX1:78])[CX4!H0,c,OX2H0:79])/[CX3H:14]=[CX3H:15]/[#6:16].[BX3H$(B([OH])[OH]),BH$(B4OC([CH3])([CH3])C([CH3])([CH3])O4):2]([O:3])[O:4].[Br:13]>>([*:76]\[C:75]=[C:74]([CX3:77](=[OX1:78])[*:79])/[B:2]([O:3])[O:4].[Br:13]/[C:14]=[C:15]/[*:16])	.OBO.Br				std		NA	
158	suzuki	[CX4H2,CX4H3,CX3,c:76]\[CX3H:75]=[CX3:74]([CX3:77](=[OX1:78])[CX4!H0,c,OX2H0:79])/[CX3H:14]=[CX3H:15]/[BX3:22]1[OX2:23][CX3:24](=[OX1:25])[CX4:26][NX3:27]([CX4H3:28])[CX4:29][CX3:30](=[OX1:31])[OX2:32]1.[BX3H$(B([OH])[OH]),BH$(B4OC([CH3])([CH3])C([CH3])([CH3])O4):2]([O:3])[O:4].[Br:13]>>([*:76]\[C:75]=[C:74]([CX3:77](=[OX1:78])[*:79])/[B:2]([O:3])[O:4].[Br:13]/[C:14]=[C:15]/[BX3:22]1[OX2:23][CX3:24](=[OX1:25])[CX4:26][NX3:27]([CX4H3:28])[CX4:29][CX3:30](=[OX1:31])[OX2:32]1)	.OBO.Br				std		NA	
159	suzuki	[#6:76]/[CX3:75]([CX4H2,CX4H3,CX2,CX3,c:78])=[CX3H:74]/[CX3H:14]=[CX3H2:15].[BX3H$(B([OH])[OH]),BH$(B4OC([CH3])([CH3])C([CH3])([CH3])O4):2]([O:3])[O:4].[Br:13]>>([*:76]/[C:75]([*:78])=[C:74]/[B:2]([O:3])[O:4].[Br:13][C:14]=[C:15])	.OBO.Br				std		NA	
160	suzuki	[#6:76]/[CX3:75]([CX4H2,CX4H3,CX2,CX3,c:78])=[CX3H:74]/[CX3H:14]=[CX3H:15]/[#6:16].[BX3H$(B([OH])[OH]),BH$(B4OC([CH3])([CH3])C([CH3])([CH3])O4):2]([O:3])[O:4].[Br:13]>>([*:76]/[C:75]([*:78])=[C:74]/[B:2]([O:3])[O:4].[Br:13]/[C:14]=[C:15]/[*:16])	.OBO.Br				std		NA	
161	suzuki	[#6:76]/[CX3:75]([CX4H2,CX4H3,CX2,CX3,c:78])=[CX3H:74]/[CX3H:14]=[CX3H:15]/[BX3:22]1[OX2:23][CX3:24](=[OX1:25])[CX4:26][NX3:27]([CX4H3:28])[CX4:29][CX3:30](=[OX1:31])[OX2:32]1.[BX3H$(B([OH])[OH]),BH$(B4OC([CH3])([CH3])C([CH3])([CH3])O4):2]([O:3])[O:4].[Br:13]>>([*:76]/[C:75]([*:78])=[C:74]/[B:2]([O:3])[O:4].[Br:13]/[C:14]=[C:15]/[BX3:22]1[OX2:23][CX3:24](=[OX1:25])[CX4:26][NX3:27]([CX4H3:28])[CX4:29][CX3:30](=[OX1:31])[OX2:32]1)	.OBO.Br				std		NA	
162	suzuki	[#6:76]/[CX3:75]([CX4H2,CX4H3,CX2,CX3,c:78])=[CX3H:74]/[CX3H:14]=[CX3H:15]\[CX4!H0,c,CX3,CX2:16].[BX3H$(B([OH])[OH]),BH$(B4OC([CH3])([CH3])C([CH3])([CH3])O4):2]([O:3])[O:4].[Br:13]>>([*:76]/[C:75]([*:78])=[C:74]/[B:2]([O:3])[O:4].[Br:13]/[C:14]=[C:15]\[*:16])	.OBO.Br				std		NA	
163	suzuki	[#6:76]/[CX3:75]([CX4H2,CX4H3,CX2,CX3,c:78])=[CX3H:74]/[CX3H:14]=[CX3H:15]\[BX3:22]1[OX2:23][CX3:24](=[OX1:25])[CX4:26][NX3:27]([CX4H3:28])[CX4:29][CX3:30](=[OX1:31])[OX2:32]1.[BX3H$(B([OH])[OH]),BH$(B4OC([CH3])([CH3])C([CH3])([CH3])O4):2]([O:3])[O:4].[Br:13]>>([*:76]/[C:75]([*:78])=[C:74]/[B:2]([O:3])[O:4].[Br:13]/[C:14]=[C:15]\[BX3:22]1[OX2:23][CX3:24](=[OX1:25])[CX4:26][NX3:27]([CX4H3:28])[CX4:29][CX3:30](=[OX1:31])[OX2:32]1)	.OBO.Br				std		NA	
164	suzuki	[#6:76]/[CX3:75]([CX4H2,CX4H3,CX2,CX3,c:78])=[CX3H:74]/[CX3:14]([CX4,c,CX3:17])=[CX3H:15]/[#6:16].[BX3H$(B([OH])[OH]),BH$(B4OC([CH3])([CH3])C([CH3])([CH3])O4):2]([O:3])[O:4].[Br:13]>>([*:76]/[C:75]([*:78])=[C:74]/[B:2]([O:3])[O:4].[Br:13]/[C:14]([*:17])=[C:15]/[*:16])	.OBO.Br				std		NA	
165	suzuki	[#6:76]/[CX3:75]([CX4H2,CX4H3,CX2,CX3,c:78])=[CX3H:74]/[CX3:14]([CX4,c,CX3:17])=[CX3H:15]/[BX3:22]1[OX2:23][CX3:24](=[OX1:25])[CX4:26][NX3:27]([CX4H3:28])[CX4:29][CX3:30](=[OX1:31])[OX2:32]1.[BX3H$(B([OH])[OH]),BH$(B4OC([CH3])([CH3])C([CH3])([CH3])O4):2]([O:3])[O:4].[Br:13]>>([*:76]/[C:75]([*:78])=[C:74]/[B:2]([O:3])[O:4].[Br:13]/[C:14]([*:17])=[C:15]/[BX3:22]1[OX2:23][CX3:24](=[OX1:25])[CX4:26][NX3:27]([CX4H3:28])[CX4:29][CX3:30](=[OX1:31])[OX2:32]1)	.OBO.Br				std		NA	
166	suzuki	[#6:76]/[CX3:75]([CX4H2,CX4H3,CX2,CX3,c,F:78])=[CX3:74]([CX4,c,CX3:77])/[CX3H:14]=[CX3H2:15].[BX3H$(B([OH])[OH]),BH$(B4OC([CH3])([CH3])C([CH3])([CH3])O4):2]([O:3])[O:4].[Br:13]>>([*:76]/[C:75]([*:78])=[C:74]([C:77])/[B:2]([O:3])[O:4].[Br:13][C:14]=[C:15])	.OBO.Br				std		NA	
167	suzuki	[#6:76]/[CX3:75]([CX4H2,CX4H3,CX2,CX3,c,F:78])=[CX3:74]([CX4,c,CX3:77])/[CX3:14]([CX4H2,CX4H3,c:90])=[CX3H2:15].[BX3H$(B([OH])[OH]),BH$(B4OC([CH3])([CH3])C([CH3])([CH3])O4):2]([O:3])[O:4].[Br:13]>>([*:76]/[C:75]([*:78])=[C:74]([C:77])/[B:2]([O:3])[O:4].[Br:13][C:14]([*:90])=[C:15])	.OBO.Br				std		NA	
168	suzuki	[#6:76]/[CX3:75]([CX4H2,CX4H3,CX2,CX3,c,F:78])=[CX3:74]([CX4,c,CX3:77])/[CX3H:14]=[CX3H:15]/[#6:16].[BX3H$(B([OH])[OH]),BH$(B4OC([CH3])([CH3])C([CH3])([CH3])O4):2]([O:3])[O:4].[Br:13]>>([*:76]/[C:75]([*:78])=[C:74]([C:77])/[B:2]([O:3])[O:4].[Br:13]/[C:14]=[C:15]/[*:16])	.OBO.Br				std		NA	
169	suzuki	[#6:76]/[CX3:75]([CX4H2,CX4H3,CX2,CX3,c,F:78])=[CX3:74]([CX4,c,CX3:77])/[CX3H:14]=[CX3H:15]/[BX3:22]1[OX2:23][CX3:24](=[OX1:25])[CX4:26][NX3:27]([CX4H3:28])[CX4:29][CX3:30](=[OX1:31])[OX2:32]1.[BX3H$(B([OH])[OH]),BH$(B4OC([CH3])([CH3])C([CH3])([CH3])O4):2]([O:3])[O:4].[Br:13]>>([*:76]/[C:75]([*:78])=[C:74]([C:77])/[B:2]([O:3])[O:4].[Br:13]/[C:14]=[C:15]/[BX3:22]1[OX2:23][CX3:24](=[OX1:25])[CX4:26][NX3:27]([CX4H3:28])[CX4:29][CX3:30](=[OX1:31])[OX2:32]1)	.OBO.Br				std		NA	
170	suzuki	[#6:76]/[CX3:75]([CX4H2,CX4H3,CX2,CX3,c,F:78])=[CX3:74]([CX4,c,CX3:77])/[CX3H:14]=[CX3H:15]/[NX3:16]1[CX3:17](=[OX1:18])[c:19][c:20][CX3:21]1=[OX1:22].[BX3H$(B([OH])[OH]),BH$(B4OC([CH3])([CH3])C([CH3])([CH3])O4):2]([O:3])[O:4].[Br:13]>>([*:76]/[C:75]([*:78])=[C:74]([C:77])/[B:2]([O:3])[O:4].[Br:13]/[C:14]=[C:15]/[NX3:16]1[CX3:17](=[OX1:18])[c:19][c:20][CX3:21]1=[OX1:22])	.OBO.Br				std		NA	
171	suzuki	[#6:76]/[CX3:75]([CX4H2,CX4H3,CX2,CX3,c,F:78])=[CX3:74]([CX4,c,CX3:77])/[CX3H:14]=[CX3H:15]\[CX4H2,CX4H3:16].[BX3H$(B([OH])[OH]),BH$(B4OC([CH3])([CH3])C([CH3])([CH3])O4):2]([O:3])[O:4].[Br:13]>>([*:76]/[C:75]([*:78])=[C:74]([C:77])/[B:2]([O:3])[O:4].[Br:13]/[C:14]=[C:15]\[C:16])	.OBO.Br				std		NA	
172	suzuki	[#6:76]/[CX3:75]([CX4H2,CX4H3,CX2,CX3,c,F:78])=[CX3:74]([CX4,c:77])/[CX3H:14]=[CX3:15]([CX4H2,CX4H3:37])/[#6:16].[BX3H$(B([OH])[OH]),BH$(B4OC([CH3])([CH3])C([CH3])([CH3])O4):2]([O:3])[O:4].[Br:13]>>([*:76]/[C:75]([*:78])=[C:74]([C:77])/[B:2]([O:3])[O:4].[Br:13]/[C:14]=[C:15]([C:37])/[*:16])	.OBO.Br				std		NA	
173	suzuki	[#6:76]/[CX3:75]([CX4H2,CX4H3,CX2,CX3,c,F:78])=[CX3:74]([CX4,c,CX3:77])/[CX3H:14]=[CX3:15]([CX4H2,CX4H3:37])/[BX3:22]1[OX2:23][CX3:24](=[OX1:25])[CX4:26][NX3:27]([CX4H3:28])[CX4:29][CX3:30](=[OX1:31])[OX2:32]1.[BX3H$(B([OH])[OH]),BH$(B4OC([CH3])([CH3])C([CH3])([CH3])O4):2]([O:3])[O:4].[Br:13]>>([*:76]/[C:75]([*:78])=[C:74]([C:77])/[B:2]([O:3])[O:4].[Br:13]/[C:14]=[C:15]([C:37])/[BX3:22]1[OX2:23][CX3:24](=[OX1:25])[CX4:26][NX3:27]([CX4H3:28])[CX4:29][CX3:30](=[OX1:31])[OX2:32]1)	.OBO.Br				std		NA	
174	suzuki	[#6:76]/[CX3:75]([CX4H2,CX4H3,CX2,CX3,c,F:78])=[CX3:74]([CX4,c,CX3:77])/[CX3H:14]=[CX3:15]([CX4H2,CX4H3:37])/[NX3:16]1[CX3:17](=[OX1:18])[c:19][c:20][CX3:21]1=[OX1:22].[BX3H$(B([OH])[OH]),BH$(B4OC([CH3])([CH3])C([CH3])([CH3])O4):2]([O:3])[O:4].[Br:13]>>([*:76]/[C:75]([*:78])=[C:74]([C:77])/[B:2]([O:3])[O:4].[Br:13]/[C:14]=[C:15]([C:37])/[NX3:16]1[CX3:17](=[OX1:18])[c:19][c:20][CX3:21]1=[OX1:22])	.OBO.Br				std		NA	
175	suzuki	[c!$(c(c-*~C=1)(-C1))!$(c(c-*~*~C=1)(-C1))!$(c(cc-*~C=1)(-C1))!$(c(c-*~*~*~C=1)(-C1))!$(c(cc-*~*~C=1)(-C1))!$(c(c-*~*~*~*~C=1)(-C1))!$(c(cc-*~*~*~C=1)(-C1)):3]/[C:8]([CX4,c,CX3,CX2,PX4H0,SiX4H0:10])=[C:9]([CX4,c,CX3:88])\[CX4!H0,c,CX3,CX2,n:11].[B:4]([OH:5])[OH:6].[Br:7]>>([c:3][B:4]([O:5])[O:6].[Br:7]/[CX3:8]([*:10])=[CX3:9]([*:88])\[*:11])	.OBO.Br				std		NA	
176	suzuki	[c!$(c(c-*~C=1)(-C1))!$(c(c-*~*~C=1)(-C1))!$(c(cc-*~C=1)(-C1))!$(c(c-*~*~*~C=1)(-C1))!$(c(cc-*~*~C=1)(-C1))!$(c(c-*~*~*~*~C=1)(-C1))!$(c(cc-*~*~*~C=1)(-C1)):3]/[C:8]([BX3:22]1[OX2:23][CX3:24](=[OX1:25])[CX4:26][NX3:27]([CX4H3:28])[CX4:29][CX3:30](=[OX1:31])[OX2:32]1)=[C:9]([CX4,c,CX3:88])\[CX4!H0,c,CX3,CX2,n,$([BX3]1[OX2][CX3](=[OX1])[CX4][NX3]([CX4H3])[CX4][CX3](=[OX1])[OX2]1):11].[B:4]([OH:5])[OH:6].[Br:7]>>([c:3][B:4]([O:5])[O:6].[Br:7]/[CX3:8]([BX3:22]1[OX2:23][CX3:24](=[OX1:25])[CX4:26][NX3:27]([CX4H3:28])[CX4:29][CX3:30](=[OX1:31])[OX2:32]1)=[CX3:9]([*:88])\[*:11])	.OBO.Br				std		NA	
177	suzuki	[c!$(c(c-*~C=1)(-C1))!$(c(c-*~*~C=1)(-C1))!$(c(cc-*~C=1)(-C1))!$(c(c-*~*~*~C=1)(-C1))!$(c(cc-*~*~C=1)(-C1))!$(c(c-*~*~*~*~C=1)(-C1))!$(c(cc-*~*~*~C=1)(-C1)):3]/[C:8]([CX4,c,CX3,CX2,PX4H0,SiX4H0:10])=[C:9]([BX3:22]1[OX2:23][CX3:24](=[OX1:25])[CX4:26][NX3:27]([CX4H3:28])[CX4:29][CX3:30](=[OX1:31])[OX2:32]1)\[CX4!H0,c,CX3,CX2,n:11].[B:4]([OH:5])[OH:6].[Br:7]>>([c:3][B:4]([O:5])[O:6].[Br:7]/[CX3:8]([*:10])=[CX3:9]([BX3:22]1[OX2:23][CX3:24](=[OX1:25])[CX4:26][NX3:27]([CX4H3:28])[CX4:29][CX3:30](=[OX1:31])[OX2:32]1)\[*:11])	.OBO.Br				std		NA	
178	suzuki	[c!$(c(c-*~C=1)(-C1))!$(c(c-*~*~C=1)(-C1))!$(c(cc-*~C=1)(-C1))!$(c(c-*~*~*~C=1)(-C1))!$(c(cc-*~*~C=1)(-C1))!$(c(c-*~*~*~*~C=1)(-C1))!$(c(cc-*~*~*~C=1)(-C1)):3]/[C:8]([CX4,c,CX3,CX2,PX4H0,SiX4H0:10])=[C:9]([CX4,c,CX3:88])\[BX3:22]1[OX2:23][CX3:24](=[OX1:25])[CX4:26][NX3:27]([CX4H3:28])[CX4:29][CX3:30](=[OX1:31])[OX2:32]1.[B:4]([OH:5])[OH:6].[Br:7]>>([c:3][B:4]([O:5])[O:6].[Br:7]/[CX3:8]([*:10])=[CX3:9]([*:88])\[BX3:22]1[OX2:23][CX3:24](=[OX1:25])[CX4:26][NX3:27]([CX4H3:28])[CX4:29][CX3:30](=[OX1:31])[OX2:32]1)	.OBO.Br				std		NA	
179	suzuki	[c!$(c(c-*~C=1)(-C1))!$(c(c-*~*~C=1)(-C1))!$(c(cc-*~C=1)(-C1))!$(c(c-*~*~*~C=1)(-C1))!$(c(cc-*~*~C=1)(-C1))!$(c(c-*~*~*~*~C=1)(-C1))!$(c(cc-*~*~*~C=1)(-C1)):3]/[C:8]([CX4,c,CX3,CX2,PX4H0,SiX4H0:10])=[C:9]([CX4,c,CX3:88])\[CX4!H0,c,CX3,CX2,n,$([BX3]1[OX2][CX3](=[OX1])[CX4][NX3]([CX4H3])[CX4][CX3](=[OX1])[OX2]1):11].[B:4]([OH:5])[OH:6].[Br:7]>>([c:3][Br:7].[B:4]([O:5])([O:6])/[CX3:8]([*:10])=[CX3:9]([*:88])\[*:11])	.OBO.Br				std		NA	
180	suzuki	[#6:76]/[CX3:75]([CX4H2,CX4H3,c:99])=[CX3H:74]/[CX3H:14]=[CX3:15]([CX4H2,CX4H3:18])/[#6:16].[BX3H$(B([OH])[OH]),BH$(B4OC([CH3])([CH3])C([CH3])([CH3])O4):2]([O:3])[O:4].[Br:13]>>([*:76]/[C:75]([*:99])=[C:74]/[B:2]([O:3])[O:4].[Br:13]/[C:14]=[C:15]([C:18])/[*:16])	.OBO.Br				std		NA	
181	C-N Coupling with secondary amides	[#6:1][C:50](=[O:51])[NX3:2]([CX4!H0,CX4H0R,c:99])!@[cR1:77].[Br:4]>>[*:1][C:50](=[O:51])[N:2][*:99].[Br:4][c:77]	.Br				ext	2	NA	
182	Chan-Lam Coupling with amide	[c:1]!@[NX3:2]([CX3:3](=[OX1:4])[#6:5])[CX4!H0,CX4H0R,c:6].[OH:55][B:56][OH:57]>>[c:1][B:56]([OH:55])[OH:57].[NX3H:2]([CX3:3](=[OX1:4])[#6:5])[*:6]	.B(O)O				ext	1	NA	
